Name,Status,Priority,Epic,Estimate,Assignee,Sprint,Labels,Description,Checklist,Due Date
"–ó–∞–≤–µ—Ä—à–∏—Ç—å –∏–Ω—Ç–µ–≥—Ä–∞—Ü–∏—é Post Express","‚úÖ Done","üî¥ Critical","üì¶ –õ–æ–≥–∏—Å—Ç–∏–∫–∞","5h","Backend Dev","Sprint 1","delivery, integration, api","–î–æ—Ä–∞–±–æ—Ç–∞—Ç—å –∏–Ω—Ç–µ–≥—Ä–∞—Ü–∏—é —Å Post Express –¥–ª—è —Ä–∞—Å—á–µ—Ç–∞ –¥–æ—Å—Ç–∞–≤–∫–∏ –∏ —Å–æ–∑–¥–∞–Ω–∏—è –∑–∞–∫–∞–∑–æ–≤","[x] –ü–æ–ª—É—á–∏—Ç—å production credentials
[x] –ù–∞—Å—Ç—Ä–æ–∏—Ç—å webhook –¥–ª—è —Å—Ç–∞—Ç—É—Å–æ–≤
[x] –î–æ–±–∞–≤–∏—Ç—å —Ç—Ä–µ–∫–∏–Ω–≥ –ø–æ—Å—ã–ª–æ–∫
[x] –ò–Ω—Ç–µ–≥—Ä–∏—Ä–æ–≤–∞—Ç—å –ø–µ—á–∞—Ç—å —ç—Ç–∏–∫–µ—Ç–æ–∫
[x] –ü—Ä–æ–≤–µ—Å—Ç–∏ E2E —Ç–µ—Å—Ç–∏—Ä–æ–≤–∞–Ω–∏–µ","2025-01-15"
"–ò–Ω—Ç–µ–≥—Ä–∞—Ü–∏—è –ø–ª–∞—Ç–µ–∂–Ω–æ–π —Å–∏—Å—Ç–µ–º—ã Stripe","üìå To Do","üî¥ Critical","üí≥ –ü–ª–∞—Ç–µ–∂–∏","8h","Backend Dev","Sprint 1","payment, stripe, integration","–ü–æ–¥–∫–ª—é—á–∏—Ç—å Stripe –¥–ª—è –ø—Ä–∏–µ–º–∞ –ø–ª–∞—Ç–µ–∂–µ–π –∫–∞—Ä—Ç–∞–º–∏","[ ] –°–æ–∑–¥–∞—Ç—å Stripe –∞–∫–∫–∞—É–Ω—Ç –¥–ª—è –°–µ—Ä–±–∏–∏
[ ] –†–µ–∞–ª–∏–∑–æ–≤–∞—Ç—å Checkout Session API
[ ] –î–æ–±–∞–≤–∏—Ç—å webhook –¥–ª—è –ø–ª–∞—Ç–µ–∂–µ–π
[ ] –ò–Ω—Ç–µ–≥—Ä–∏—Ä–æ–≤–∞—Ç—å Stripe Connect
[ ] –ù–∞—Å—Ç—Ä–æ–∏—Ç—å –≤–æ–∑–≤—Ä–∞—Ç—ã","2025-02-01"
"–ò–Ω—Ç–µ–≥—Ä–∞—Ü–∏—è PaySpot –¥–ª—è C2C –ø–ª–∞—Ç–µ–∂–µ–π","üìã Backlog","üü° High","üí≥ –ü–ª–∞—Ç–µ–∂–∏","10h","Backend Dev","Sprint 2","payment, payspot, c2c, escrow","–ü–æ–¥–∫–ª—é—á–∏—Ç—å PaySpot –∫–∞–∫ escrow —Å–µ—Ä–≤–∏—Å –¥–ª—è –±–µ–∑–æ–ø–∞—Å–Ω—ã—Ö C2C —Ç—Ä–∞–Ω–∑–∞–∫—Ü–∏–π","[ ] –ò–∑—É—á–∏—Ç—å API –¥–æ–∫—É–º–µ–Ω—Ç–∞—Ü–∏—é PaySpot
[ ] –†–µ–∞–ª–∏–∑–æ–≤–∞—Ç—å escrow —Ç—Ä–∞–Ω–∑–∞–∫—Ü–∏–∏
[ ] –î–æ–±–∞–≤–∏—Ç—å –ø–æ–¥—Ç–≤–µ—Ä–∂–¥–µ–Ω–∏–µ –ø–æ–ª—É—á–µ–Ω–∏—è
[ ] –ò–Ω—Ç–µ–≥—Ä–∏—Ä–æ–≤–∞—Ç—å —Å–∏—Å—Ç–µ–º—É —Ä–µ–π—Ç–∏–Ω–≥–æ–≤
[ ] –ù–∞—Å—Ç—Ä–æ–∏—Ç—å –∞–≤—Ç–æ–º–∞—Ç–∏—á–µ—Å–∫–∏–µ –≤—ã–ø–ª–∞—Ç—ã","2025-02-15"
"–†–µ–∞–ª–∏–∑–æ–≤–∞—Ç—å —Ä–∞—Å—à–∏—Ä–µ–Ω–Ω—ã–µ –∞—Ç—Ä–∏–±—É—Ç—ã –≤–∞—Ä–∏–∞–Ω—Ç–æ–≤","üìå To Do","üü° High","üè™ –í–∏—Ç—Ä–∏–Ω—ã","8h","Backend Dev","Sprint 1","variants, attributes, backend","–î–æ—Ä–∞–±–æ—Ç–∞—Ç—å —Å–∏—Å—Ç–µ–º—É –≤–∞—Ä–∏–∞–Ω—Ç–æ–≤ —Ç–æ–≤–∞—Ä–æ–≤ —Å–æ–≥–ª–∞—Å–Ω–æ –ø–ª–∞–Ω—É ADMIN_VARIANT_ATTRIBUTES_EXTENSION_PLAN.md","[ ] –†–∞—Å—à–∏—Ä–∏—Ç—å –º–æ–¥–µ–ª—å variant_attributes
[ ] –î–æ–±–∞–≤–∏—Ç—å UI –¥–ª—è —É–ø—Ä–∞–≤–ª–µ–Ω–∏—è
[ ] –†–µ–∞–ª–∏–∑–æ–≤–∞—Ç—å –Ω–∞—Å–ª–µ–¥–æ–≤–∞–Ω–∏–µ –∞—Ç—Ä–∏–±—É—Ç–æ–≤
[ ] –î–æ–±–∞–≤–∏—Ç—å –≤–∞–ª–∏–¥–∞—Ü–∏—é –∫–æ–º–±–∏–Ω–∞—Ü–∏–π
[ ] –û–±–Ω–æ–≤–∏—Ç—å API endpoints","2025-01-20"
"–û—á–∏—Å—Ç–∫–∞ –∞–≤—Ç–æ–º–æ–±–∏–ª—å–Ω–æ–≥–æ —Ä–∞–∑–¥–µ–ª–∞","üìã Backlog","üü¢ Medium","üöó –ê–≤—Ç–æ–º–æ–±–∏–ª–∏","10h","Backend Dev","Sprint 3","automotive, refactoring, cleanup","–ü—Ä–æ–≤–µ—Å—Ç–∏ —Ä–µ—Ñ–∞–∫—Ç–æ—Ä–∏–Ω–≥ –∞–≤—Ç–æ–º–æ–±–∏–ª—å–Ω–æ–π —á–∞—Å—Ç–∏ —Å–æ–≥–ª–∞—Å–Ω–æ AUTOMOTIVE_SECTION_STATUS_AND_PLAN.md","[ ] –£–¥–∞–ª–∏—Ç—å –ø—É—Å—Ç—ã–µ —Ç–∞–±–ª–∏—Ü—ã –ë–î
[ ] –û–±—ä–µ–¥–∏–Ω–∏—Ç—å –¥—É–±–ª–∏—Ä—É—é—â–∏–µ—Å—è —Å–∏—Å—Ç–µ–º—ã
[ ] –ò–Ω—Ç–µ–≥—Ä–∏—Ä–æ–≤–∞—Ç—å —Å –º–∞—Ä–∫–µ—Ç–ø–ª–µ–π—Å–æ–º
[ ] –ü–æ–¥–∫–ª—é—á–∏—Ç—å VIN –¥–µ–∫–æ–¥–∏—Ä–æ–≤–∞–Ω–∏–µ
[ ] –°–æ–∑–¥–∞—Ç—å —Å–ø–µ—Ü. —Ñ–∏–ª—å—Ç—Ä—ã","2025-03-01"
"–°–∏—Å—Ç–µ–º–∞ –∏–º–ø–æ—Ä—Ç–∞ —Ç–æ–≤–∞—Ä–æ–≤ –¥–ª—è –≤–∏—Ç—Ä–∏–Ω","üìã Backlog","üü¢ Medium","üè™ –í–∏—Ç—Ä–∏–Ω—ã","6h","Full Stack","Sprint 2","import, storefronts, feature","–°–æ–∑–¥–∞—Ç—å —Å–∏—Å—Ç–µ–º—É –º–∞—Å—Å–æ–≤–æ–≥–æ –∏–º–ø–æ—Ä—Ç–∞ —Ç–æ–≤–∞—Ä–æ–≤ –∏–∑ CSV/Excel –¥–ª—è –≤–∏—Ç—Ä–∏–Ω","[ ] –†–∞–∑—Ä–∞–±–æ—Ç–∞—Ç—å —Ñ–æ—Ä–º–∞—Ç –∏–º–ø–æ—Ä—Ç–∞
[ ] –°–æ–∑–¥–∞—Ç—å –ø–∞—Ä—Å–µ—Ä CSV/Excel
[ ] –î–æ–±–∞–≤–∏—Ç—å –≤–∞–ª–∏–¥–∞—Ü–∏—é –¥–∞–Ω–Ω—ã—Ö
[ ] –†–µ–∞–ª–∏–∑–æ–≤–∞—Ç—å –ø–∞–∫–µ—Ç–Ω—É—é –∑–∞–≥—Ä—É–∑–∫—É
[ ] –°–æ–∑–¥–∞—Ç—å –æ—Ç—á–µ—Ç—ã –æ–± –æ—à–∏–±–∫–∞—Ö","2025-02-20"
"–°–∏—Å—Ç–µ–º–∞ —É–ø—Ä–∞–≤–ª–µ–Ω–∏—è –ø–µ—Ä–µ–≤–æ–¥–∞–º–∏","üöÄ In Progress","üü° High","üåç i18n","5h","Frontend Dev","Sprint 1","i18n, admin, translations","–ó–∞–≤–µ—Ä—à–∏—Ç—å –∞–¥–º–∏–Ω –ø–∞–Ω–µ–ª—å –¥–ª—è —É–ø—Ä–∞–≤–ª–µ–Ω–∏—è –ø–µ—Ä–µ–≤–æ–¥–∞–º–∏ —Å–æ–≥–ª–∞—Å–Ω–æ TRANSLATION_SYSTEM_COMPLETION_SPEC.md","[x] –î–æ–±–∞–≤–∏—Ç—å –ø–æ–∏—Å–∫ –ø–æ –ø–µ—Ä–µ–≤–æ–¥–∞–º
[x] –†–µ–∞–ª–∏–∑–æ–≤–∞—Ç—å —ç–∫—Å–ø–æ—Ä—Ç/–∏–º–ø–æ—Ä—Ç
[ ] –î–æ–±–∞–≤–∏—Ç—å –≤–µ—Ä—Å–∏–æ–Ω–∏—Ä–æ–≤–∞–Ω–∏–µ
[ ] –ò–Ω—Ç–µ–≥—Ä–∏—Ä–æ–≤–∞—Ç—å AI –ø–µ—Ä–µ–≤–æ–¥—ã
[ ] –°–æ–∑–¥–∞—Ç—å —Å–∏—Å—Ç–µ–º—É —É–≤–µ–¥–æ–º–ª–µ–Ω–∏–π","2025-01-18"
"–û–ø—Ç–∏–º–∏–∑–∏—Ä–æ–≤–∞—Ç—å –ø—Ä–æ–∏–∑–≤–æ–¥–∏—Ç–µ–ª—å–Ω–æ—Å—Ç—å –∫–∞—Ä—Ç—ã","üìã Backlog","üü¢ Medium","üó∫Ô∏è –ö–∞—Ä—Ç–∞","4h","Frontend Dev","Sprint 2","performance, map, optimization","–£–ª—É—á—à–∏—Ç—å –ø—Ä–æ–∏–∑–≤–æ–¥–∏—Ç–µ–ª—å–Ω–æ—Å—Ç—å –∏–Ω—Ç–µ—Ä–∞–∫—Ç–∏–≤–Ω–æ–π –∫–∞—Ä—Ç—ã –ø—Ä–∏ –±–æ–ª—å—à–æ–º –∫–æ–ª–∏—á–µ—Å—Ç–≤–µ –º–∞—Ä–∫–µ—Ä–æ–≤","[ ] –í–Ω–µ–¥—Ä–∏—Ç—å —Å–µ—Ä–≤–µ—Ä–Ω—É—é –∫–ª–∞—Å—Ç–µ—Ä–∏–∑–∞—Ü–∏—é
[ ] –û–ø—Ç–∏–º–∏–∑–∏—Ä–æ–≤–∞—Ç—å –∑–∞–≥—Ä—É–∑–∫—É –º–∞—Ä–∫–µ—Ä–æ–≤
[ ] –î–æ–±–∞–≤–∏—Ç—å –≤–∏—Ä—Ç—É–∞–ª–∏–∑–∞—Ü–∏—é
[ ] –£–ª—É—á—à–∏—Ç—å –∫–µ—à–∏—Ä–æ–≤–∞–Ω–∏–µ
[ ] –ü—Ä–æ–≤–µ—Å—Ç–∏ –Ω–∞–≥—Ä—É–∑–æ—á–Ω–æ–µ —Ç–µ—Å—Ç–∏—Ä–æ–≤–∞–Ω–∏–µ","2025-02-25"
"–°–æ–∑–¥–∞—Ç—å –º–æ–±–∏–ª—å–Ω–æ–µ –ø—Ä–∏–ª–æ–∂–µ–Ω–∏–µ","üìã Backlog","üîµ Low","üì± Mobile","20h","Mobile Dev","Sprint 4","mobile, react-native, app","–†–∞–∑—Ä–∞–±–æ—Ç–∞—Ç—å React Native –ø—Ä–∏–ª–æ–∂–µ–Ω–∏–µ –¥–ª—è iOS –∏ Android","[ ] –ù–∞—Å—Ç—Ä–æ–∏—Ç—å React Native –ø—Ä–æ–µ–∫—Ç
[ ] –ê–¥–∞–ø—Ç–∏—Ä–æ–≤–∞—Ç—å UI –∫–æ–º–ø–æ–Ω–µ–Ω—Ç—ã
[ ] –ò–Ω—Ç–µ–≥—Ä–∏—Ä–æ–≤–∞—Ç—å —Å API
[ ] –î–æ–±–∞–≤–∏—Ç—å push —É–≤–µ–¥–æ–º–ª–µ–Ω–∏—è
[ ] –û–ø—É–±–ª–∏–∫–æ–≤–∞—Ç—å –≤ —Å—Ç–æ—Ä–∞—Ö","2025-04-01"
"–í–Ω–µ–¥—Ä–∏—Ç—å RBAC —Å–∏—Å—Ç–µ–º—É","üìã Backlog","üü° High","üë• –ê–¥–º–∏–Ω","8h","Backend Dev","Sprint 2","security, rbac, admin","–†–µ–∞–ª–∏–∑–æ–≤–∞—Ç—å Role-Based Access Control —Å–æ–≥–ª–∞—Å–Ω–æ RBAC_SYSTEM_DESIGN.md","[ ] –°–æ–∑–¥–∞—Ç—å —Ç–∞–±–ª–∏—Ü—ã —Ä–æ–ª–µ–π
[ ] –†–µ–∞–ª–∏–∑–æ–≤–∞—Ç—å middleware –ø—Ä–æ–≤–µ—Ä–∫–∏
[ ] –î–æ–±–∞–≤–∏—Ç—å UI —É–ø—Ä–∞–≤–ª–µ–Ω–∏—è —Ä–æ–ª—è–º–∏
[ ] –ò–Ω—Ç–µ–≥—Ä–∏—Ä–æ–≤–∞—Ç—å —Å —Å–∏—Å—Ç–µ–º–æ–π
[ ] –ü—Ä–æ–≤–µ—Å—Ç–∏ –∞—É–¥–∏—Ç –±–µ–∑–æ–ø–∞—Å–Ω–æ—Å—Ç–∏","2025-02-10"
"–†–∞–∑—Ä–∞–±–æ—Ç–∞—Ç—å WMS —Å–∏—Å—Ç–µ–º—É","üìã Backlog","üü¢ Medium","üè≠ WMS","30h","Team","Sprint 5","wms, warehouse, logistics","–°–æ–∑–¥–∞—Ç—å Warehouse Management System —Å–æ–≥–ª–∞—Å–Ω–æ FINAL_COMPLETE_WMS_MARKETPLACE_PLAN.md","[ ] –°–ø—Ä–æ–µ–∫—Ç–∏—Ä–æ–≤–∞—Ç—å –∞—Ä—Ö–∏—Ç–µ–∫—Ç—É—Ä—É DDD
[ ] –°–æ–∑–¥–∞—Ç—å –º–æ–¥—É–ª—å –ø—Ä–∏–µ–º–∫–∏
[ ] –†–µ–∞–ª–∏–∑–æ–≤–∞—Ç—å —É–ø—Ä–∞–≤–ª–µ–Ω–∏–µ —Å–∫–ª–∞–¥–æ–º
[ ] –î–æ–±–∞–≤–∏—Ç—å –∏–Ω–≤–µ–Ω—Ç–∞—Ä–∏–∑–∞—Ü–∏—é
[ ] –ò–Ω—Ç–µ–≥—Ä–∏—Ä–æ–≤–∞—Ç—å —Å –º–∞—Ä–∫–µ—Ç–ø–ª–µ–π—Å–æ–º","2025-05-01"
"–£–ª—É—á—à–∏—Ç—å —Å—Ç—Ä–∞–Ω–∏—Ü—É –ø–æ–∏—Å–∫–∞","üìå To Do","üü¢ Medium","üì± UX/UI","5h","Frontend Dev","Sprint 1","ux, search, frontend","–î–æ—Ä–∞–±–æ—Ç–∞—Ç—å UX —Å—Ç—Ä–∞–Ω–∏—Ü—ã –ø–æ–∏—Å–∫–∞ —Å–æ–≥–ª–∞—Å–Ω–æ SEARCH_PAGE_IMPROVEMENT_PLAN.md","[ ] –î–æ–±–∞–≤–∏—Ç—å –∞–≤—Ç–æ–¥–æ–ø–æ–ª–Ω–µ–Ω–∏–µ –ø–æ–∏—Å–∫–∞
[ ] –£–ª—É—á—à–∏—Ç—å —Ñ–∏–ª—å—Ç—Ä—ã
[ ] –î–æ–±–∞–≤–∏—Ç—å —Å–æ—Ö—Ä–∞–Ω–µ–Ω–Ω—ã–µ –ø–æ–∏—Å–∫–∏
[ ] –û–ø—Ç–∏–º–∏–∑–∏—Ä–æ–≤–∞—Ç—å –º–æ–±–∏–ª—å–Ω—É—é –≤–µ—Ä—Å–∏—é
[ ] –î–æ–±–∞–≤–∏—Ç—å –ø–æ–∏—Å–∫ –ø–æ –∏–∑–æ–±—Ä–∞–∂–µ–Ω–∏—é","2025-01-25"
"–ù–∞—Å—Ç—Ä–æ–∏—Ç—å –º–æ–Ω–∏—Ç–æ—Ä–∏–Ω–≥ –∏ –∞–ª–µ—Ä—Ç—ã","üìã Backlog","üü° High","üîß DevOps","5h","DevOps","Sprint 1","monitoring, devops, infrastructure","–í–Ω–µ–¥—Ä–∏—Ç—å —Å–∏—Å—Ç–µ–º—É –º–æ–Ω–∏—Ç–æ—Ä–∏–Ω–≥–∞ —Å Prometheus –∏ Grafana","[ ] –£—Å—Ç–∞–Ω–æ–≤–∏—Ç—å Prometheus –∏ Grafana
[ ] –ù–∞—Å—Ç—Ä–æ–∏—Ç—å –º–µ—Ç—Ä–∏–∫–∏ –ø—Ä–∏–ª–æ–∂–µ–Ω–∏—è
[ ] –°–æ–∑–¥–∞—Ç—å –¥–∞—à–±–æ—Ä–¥—ã
[ ] –ù–∞—Å—Ç—Ä–æ–∏—Ç—å –∞–ª–µ—Ä—Ç—ã
[ ] –ò–Ω—Ç–µ–≥—Ä–∏—Ä–æ–≤–∞—Ç—å —Å Telegram/Slack","2025-01-30"
"–ò–Ω—Ç–µ–≥—Ä–∏—Ä–æ–≤–∞—Ç—å BEX Express","üìã Backlog","üü¢ Medium","üì¶ –õ–æ–≥–∏—Å—Ç–∏–∫–∞","6h","Backend Dev","Sprint 2","delivery, bex, integration","–î–æ–±–∞–≤–∏—Ç—å –ø–æ–¥–¥–µ—Ä–∂–∫—É –¥–æ—Å—Ç–∞–≤–∫–∏ —á–µ—Ä–µ–∑ BEX Express —Å–æ–≥–ª–∞—Å–Ω–æ BEX_EXPRESS_INTEGRATION.md","[ ] –ò–∑—É—á–∏—Ç—å API –¥–æ–∫—É–º–µ–Ω—Ç–∞—Ü–∏—é BEX
[ ] –†–µ–∞–ª–∏–∑–æ–≤–∞—Ç—å —Ä–∞—Å—á–µ—Ç —Å—Ç–æ–∏–º–æ—Å—Ç–∏
[ ] –î–æ–±–∞–≤–∏—Ç—å —Å–æ–∑–¥–∞–Ω–∏–µ –∑–∞–∫–∞–∑–æ–≤
[ ] –ò–Ω—Ç–µ–≥—Ä–∏—Ä–æ–≤–∞—Ç—å —Ç—Ä–µ–∫–∏–Ω–≥
[ ] –ù–∞—Å—Ç—Ä–æ–∏—Ç—å –ø–µ—á–∞—Ç—å —ç—Ç–∏–∫–µ—Ç–æ–∫","2025-02-28"
"–°–∏—Å—Ç–µ–º–∞ –∫—É–ø–æ–Ω–æ–≤ –∏ —Å–∫–∏–¥–æ–∫","üìã Backlog","üîµ Low","üí≥ –ü–ª–∞—Ç–µ–∂–∏","6h","Backend Dev","Sprint 3","discounts, coupons, marketing","–†–µ–∞–ª–∏–∑–æ–≤–∞—Ç—å –≥–∏–±–∫—É—é —Å–∏—Å—Ç–µ–º—É –ø—Ä–æ–º–æ–∫–æ–¥–æ–≤ –∏ —Å–∫–∏–¥–æ–∫","[ ] –°–ø—Ä–æ–µ–∫—Ç–∏—Ä–æ–≤–∞—Ç—å –º–æ–¥–µ–ª—å —Å–∫–∏–¥–æ–∫
[ ] –°–æ–∑–¥–∞—Ç—å –∞–¥–º–∏–Ω –∏–Ω—Ç–µ—Ä—Ñ–µ–π—Å
[ ] –†–µ–∞–ª–∏–∑–æ–≤–∞—Ç—å –ø—Ä–∏–º–µ–Ω–µ–Ω–∏–µ –ø—Ä–∏ –æ–ø–ª–∞—Ç–µ
[ ] –î–æ–±–∞–≤–∏—Ç—å –æ–≥—Ä–∞–Ω–∏—á–µ–Ω–∏—è
[ ] –°–æ–∑–¥–∞—Ç—å –æ—Ç—á–µ—Ç—ã –ø–æ –∏—Å–ø–æ–ª—å–∑–æ–≤–∞–Ω–∏—é","2025-03-15"
"–ò—Å–ø—Ä–∞–≤–∏—Ç—å –æ—Ç–æ–±—Ä–∞–∂–µ–Ω–∏–µ –∏–∑–æ–±—Ä–∞–∂–µ–Ω–∏–π","‚úÖ Done","üî¥ Critical","üîß DevOps","3h","DevOps","Sprint 1","minio, images, bug","–†–µ—à–∏—Ç—å –ø—Ä–æ–±–ª–µ–º—É —Å —Å–∏–Ω—Ö—Ä–æ–Ω–∏–∑–∞—Ü–∏–µ–π –∏–∑–æ–±—Ä–∞–∂–µ–Ω–∏–π –º–µ–∂–¥—É MinIO –∏–Ω—Å—Ç–∞–Ω—Å–∞–º–∏","[x] –ù–∞—Å—Ç—Ä–æ–∏—Ç—å —Ä–µ–ø–ª–∏–∫–∞—Ü–∏—é MinIO
[x] –°–∏–Ω—Ö—Ä–æ–Ω–∏–∑–∏—Ä–æ–≤–∞—Ç—å —Ñ–∞–π–ª—ã
[x] –û–±–Ω–æ–≤–∏—Ç—å –∫–æ–Ω—Ñ–∏–≥—É—Ä–∞—Ü–∏—é nginx
[x] –ü—Ä–æ—Ç–µ—Å—Ç–∏—Ä–æ–≤–∞—Ç—å –∑–∞–≥—Ä—É–∑–∫—É
[x] –î–æ–∫—É–º–µ–Ω—Ç–∏—Ä–æ–≤–∞—Ç—å —Ä–µ—à–µ–Ω–∏–µ","2025-01-10"
"–ß–∞—Ç –¥–ª—è —Ç–æ–≤–∞—Ä–æ–≤ –≤–∏—Ç—Ä–∏–Ω","üìã Backlog","üü¢ Medium","üè™ –í–∏—Ç—Ä–∏–Ω—ã","5h","Full Stack","Sprint 3","chat, storefronts, feature","–î–æ–±–∞–≤–∏—Ç—å –≤–æ–∑–º–æ–∂–Ω–æ—Å—Ç—å –æ–±—â–µ–Ω–∏—è –ø–æ –∫–æ–Ω–∫—Ä–µ—Ç–Ω—ã–º —Ç–æ–≤–∞—Ä–∞–º —Å–æ–≥–ª–∞—Å–Ω–æ STOREFRONT_PRODUCT_CHAT_TODO.md","[ ] –†–∞—Å—à–∏—Ä–∏—Ç—å –º–æ–¥–µ–ª—å —á–∞—Ç–æ–≤
[ ] –î–æ–±–∞–≤–∏—Ç—å —Å–≤—è–∑—å —Å —Ç–æ–≤–∞—Ä–∞–º–∏
[ ] –°–æ–∑–¥–∞—Ç—å UI –¥–ª—è —á–∞—Ç–∞ —Ç–æ–≤–∞—Ä–∞
[ ] –î–æ–±–∞–≤–∏—Ç—å —É–≤–µ–¥–æ–º–ª–µ–Ω–∏—è
[ ] –ò–Ω—Ç–µ–≥—Ä–∏—Ä–æ–≤–∞—Ç—å —Å –º–æ–±–∏–ª—å–Ω—ã–º","2025-03-10"
"–ü—Ä–æ–≤–µ—Å—Ç–∏ –∞—É–¥–∏—Ç –±–µ–∑–æ–ø–∞—Å–Ω–æ—Å—Ç–∏","üìå To Do","üî¥ Critical","üîß DevOps","5h","Security","Sprint 1","security, audit, compliance","–ü–æ–ª–Ω—ã–π security –∞—É–¥–∏—Ç –ø–ª–∞—Ç—Ñ–æ—Ä–º—ã –ø–µ—Ä–µ–¥ –∑–∞–ø—É—Å–∫–æ–º","[ ] –ü—Ä–æ–≤–µ—Ä–∏—Ç—å OWASP Top 10
[ ] –ê—É–¥–∏—Ç –∑–∞–≤–∏—Å–∏–º–æ—Å—Ç–µ–π
[ ] Penetration testing
[ ] –ü—Ä–æ–≤–µ—Ä–∫–∞ –∫–æ–Ω—Ñ–∏–≥—É—Ä–∞—Ü–∏–π
[ ] –°–æ—Å—Ç–∞–≤–∏—Ç—å –ø–ª–∞–Ω –∏—Å–ø—Ä–∞–≤–ª–µ–Ω–∏–π","2025-01-28"
"–°–æ–∑–¥–∞—Ç—å —Å–∏—Å—Ç–µ–º—É –∞–Ω–∞–ª–∏—Ç–∏–∫–∏","üìã Backlog","üîµ Low","üë• –ê–¥–º–∏–Ω","8h","Full Stack","Sprint 4","analytics, reporting, dashboard","–í–Ω–µ–¥—Ä–∏—Ç—å –∞–Ω–∞–ª–∏—Ç–∏–∫—É –¥–ª—è –ø—Ä–æ–¥–∞–≤—Ü–æ–≤ –∏ –∞–¥–º–∏–Ω–∏—Å—Ç—Ä–∞—Ç–æ—Ä–æ–≤","[ ] –ò–Ω—Ç–µ–≥—Ä–∏—Ä–æ–≤–∞—Ç—å Google Analytics
[ ] –°–æ–∑–¥–∞—Ç—å –¥–∞—à–±–æ—Ä–¥ –ø—Ä–æ–¥–∞–≤—Ü–∞
[ ] –î–æ–±–∞–≤–∏—Ç—å –æ—Ç—á–µ—Ç—ã –ø–æ –ø—Ä–æ–¥–∞–∂–∞–º
[ ] –†–µ–∞–ª–∏–∑–æ–≤–∞—Ç—å —ç–∫—Å–ø–æ—Ä—Ç –¥–∞–Ω–Ω—ã—Ö
[ ] –°–æ–∑–¥–∞—Ç—å API –¥–ª—è BI —Å–∏—Å—Ç–µ–º","2025-04-15"
"–û–ø—Ç–∏–º–∏–∑–∏—Ä–æ–≤–∞—Ç—å SEO","üìã Backlog","üü¢ Medium","üì± UX/UI","4h","Frontend Dev","Sprint 2","seo, optimization, marketing","–£–ª—É—á—à–∏—Ç—å –ø–æ–∏—Å–∫–æ–≤—É—é –æ–ø—Ç–∏–º–∏–∑–∞—Ü–∏—é –¥–ª—è Google","[ ] –ù–∞—Å—Ç—Ä–æ–∏—Ç—å meta —Ç–µ–≥–∏
[ ] –°–æ–∑–¥–∞—Ç—å sitemap.xml
[ ] –û–ø—Ç–∏–º–∏–∑–∏—Ä–æ–≤–∞—Ç—å —Å–∫–æ—Ä–æ—Å—Ç—å
[ ] –î–æ–±–∞–≤–∏—Ç—å —Å—Ç—Ä—É–∫—Ç—É—Ä–∏—Ä–æ–≤–∞–Ω–Ω—ã–µ –¥–∞–Ω–Ω—ã–µ
[ ] –ù–∞—Å—Ç—Ä–æ–∏—Ç—å Search Console","2025-02-05"