Phase,Quarter,Month,Week,Milestone,Tasks,Status,Priority,Owner,Budget,KPI,Start Date,End Date,Dependencies,Risks
"Foundation & Launch","Q1 2025","Ğ¯Ğ½Ğ²Ğ°Ñ€ÑŒ","Week 1-2","Infrastructure Setup","ĞĞ°ÑÑ‚Ñ€Ğ¾Ğ¹ĞºĞ° production ÑĞµÑ€Ğ²ĞµÑ€Ğ¾Ğ²; Docker/K8s config; SSL Ğ¸ Ğ´Ğ¾Ğ¼ĞµĞ½Ñ‹; CI/CD pipeline; Backup ÑÑ‚Ñ€Ğ°Ñ‚ĞµĞ³Ğ¸Ñ","ğŸ“Œ To Do","ğŸ”´ Critical","DevOps","â‚¬5,000","99.9% uptime","2025-01-01","2025-01-14","","Server availability"
"Foundation & Launch","Q1 2025","Ğ¯Ğ½Ğ²Ğ°Ñ€ÑŒ","Week 1-2","Security Audit","OWASP Top 10 check; Penetration testing; DDoS Ğ·Ğ°Ñ‰Ğ¸Ñ‚Ğ°; WAF Ğ½Ğ°ÑÑ‚Ñ€Ğ¾Ğ¹ĞºĞ°","ğŸ“Œ To Do","ğŸ”´ Critical","Security","â‚¬3,000","0 critical vulnerabilities","2025-01-01","2025-01-14","Infrastructure","Security breaches"
"Foundation & Launch","Q1 2025","Ğ¯Ğ½Ğ²Ğ°Ñ€ÑŒ","Week 3-4","Stripe Integration","Stripe Ğ°ĞºĞºĞ°ÑƒĞ½Ñ‚ Ğ¡ĞµÑ€Ğ±Ğ¸Ñ; Checkout Session API; Webhooks; Testing; PCI DSS compliance","ğŸ“Œ To Do","ğŸ”´ Critical","Backend Dev","â‚¬2,000","Payment success rate >95%","2025-01-15","2025-01-31","Security Audit","Payment failures"
"Foundation & Launch","Q1 2025","Ğ¯Ğ½Ğ²Ğ°Ñ€ÑŒ","Week 3-4","Monitoring Setup","Prometheus + Grafana; Telegram alerts; Sentry setup; Uptime monitoring","ğŸ“Œ To Do","ğŸŸ¡ High","DevOps","â‚¬1,000","<5min alert time","2025-01-15","2025-01-31","Infrastructure","Blind spots"
"Foundation & Launch","Q1 2025","Ğ¯Ğ½Ğ²Ğ°Ñ€ÑŒ","Week 4","Soft Launch","Production deployment; Beta testing; Bug fixes; Performance tuning","ğŸ“‹ Backlog","ğŸ”´ Critical","Team","â‚¬5,000","100 beta users","2025-01-31","2025-01-31","All January tasks","Launch delays"
"Payments & Delivery","Q1 2025","Ğ¤ĞµĞ²Ñ€Ğ°Ğ»ÑŒ","Week 1-2","Post Express Production","Production credentials; Webhook integration; Label printing; Real-time tracking","ğŸ“‹ Backlog","ğŸ”´ Critical","Backend Dev","â‚¬2,000","Integration complete","2025-02-01","2025-02-14","Stripe Integration","API changes"
"Payments & Delivery","Q1 2025","Ğ¤ĞµĞ²Ñ€Ğ°Ğ»ÑŒ","Week 1-2","Stripe Connect","Seller onboarding; Auto payouts; Commission model; Reporting dashboard","ğŸ“‹ Backlog","ğŸŸ¡ High","Backend Dev","â‚¬3,000","10 sellers onboarded","2025-02-01","2025-02-14","Stripe Integration","Compliance issues"
"Payments & Delivery","Q1 2025","Ğ¤ĞµĞ²Ñ€Ğ°Ğ»ÑŒ","Week 3-4","PaySpot Integration","API integration; Escrow mechanism; Dispute resolution; Rating system","ğŸ“‹ Backlog","ğŸŸ¡ High","Backend Dev","â‚¬4,000","C2C payments live","2025-02-15","2025-02-28","Stripe Connect","Escrow complexity"
"Payments & Delivery","Q1 2025","Ğ¤ĞµĞ²Ñ€Ğ°Ğ»ÑŒ","Week 3-4","BEX Express","Contract & credentials; API integration; Delivery calculator; Zone mapping","ğŸ“‹ Backlog","ğŸŸ¢ Medium","Backend Dev","â‚¬2,000","2 delivery options","2025-02-15","2025-02-28","Post Express","Contract delays"
"Storefronts Enhancement","Q1 2025","ĞœĞ°Ñ€Ñ‚","Week 1-2","Variant Attributes","DB schema update; Admin UI; Attribute inheritance; Inventory tracking; Bulk edit","ğŸ“‹ Backlog","ğŸŸ¡ High","Full Stack","â‚¬3,000","Variant system live","2025-03-01","2025-03-14","","Data migration"
"Storefronts Enhancement","Q1 2025","ĞœĞ°Ñ€Ñ‚","Week 1-2","Import/Export System","CSV/Excel parser; Import templates; Validation; Error reporting; Scheduled imports","ğŸ“‹ Backlog","ğŸŸ¢ Medium","Backend Dev","â‚¬2,000","Bulk import working","2025-03-01","2025-03-14","Variant Attributes","Data corruption"
"Storefronts Enhancement","Q1 2025","ĞœĞ°Ñ€Ñ‚","Week 3-4","Analytics Dashboard","Seller dashboard; Conversion funnels; Inventory reports; Financial reports; Export","ğŸ“‹ Backlog","ğŸŸ¢ Medium","Frontend Dev","â‚¬3,000","Dashboard live","2025-03-15","2025-03-31","","Performance issues"
"Storefronts Enhancement","Q1 2025","ĞœĞ°Ñ€Ñ‚","Week 3-4","Marketing Tools","Email campaigns; Push notifications; Discount system; Loyalty program","ğŸ“‹ Backlog","ğŸŸ¢ Medium","Full Stack","â‚¬4,000","Marketing suite ready","2025-03-15","2025-03-31","Analytics Dashboard","Spam issues"
"Mobile & UX","Q2 2025","ĞĞ¿Ñ€ĞµĞ»ÑŒ","Week 1-2","Mobile App Dev","React Native setup; Core navigation; Auth flow; Product browsing; Chat","ğŸ“‹ Backlog","ğŸŸ¡ High","Mobile Dev","â‚¬8,000","App prototype ready","2025-04-01","2025-04-14","","App store rejection"
"Mobile & UX","Q2 2025","ĞĞ¿Ñ€ĞµĞ»ÑŒ","Week 1-2","PWA Enhancement","Offline mode; Push notifications; App-like UX; Install prompts","ğŸ“‹ Backlog","ğŸŸ¢ Medium","Frontend Dev","â‚¬2,000","PWA score >90","2025-04-01","2025-04-14","","Browser compatibility"
"Mobile & UX","Q2 2025","ĞĞ¿Ñ€ĞµĞ»ÑŒ","Week 3-4","UX Improvements","Search autocomplete; Advanced filters; Saved searches; Personalization; Recommendations","ğŸ“‹ Backlog","ğŸŸ¡ High","Frontend Dev","â‚¬3,000","Search improved","2025-04-15","2025-04-30","","User confusion"
"Mobile & UX","Q2 2025","ĞĞ¿Ñ€ĞµĞ»ÑŒ","Week 4","Mobile Beta Launch","Beta testing; Bug fixes; Performance optimization; User feedback","ğŸ“‹ Backlog","ğŸŸ¡ High","Mobile Dev","â‚¬2,000","100 beta testers","2025-04-30","2025-04-30","Mobile App Dev","Beta bugs"
"Automotive Marketplace","Q2 2025","ĞœĞ°Ğ¹","Week 1-2","Car Section Cleanup","DB optimization; VIN decoder; Make/Model structure; Special filters; Price history","ğŸ“‹ Backlog","ğŸŸ¢ Medium","Backend Dev","â‚¬4,000","Auto section ready","2025-05-01","2025-05-14","","Data quality"
"Automotive Marketplace","Q2 2025","ĞœĞ°Ğ¹","Week 1-2","Auto Features","Vehicle history; Insurance calc; Loan calc; Inspection list; 360Â° viewer","ğŸ“‹ Backlog","ğŸŸ¢ Medium","Full Stack","â‚¬5,000","Features complete","2025-05-01","2025-05-14","Car Section Cleanup","Complex integrations"
"Automotive Marketplace","Q2 2025","ĞœĞ°Ğ¹","Week 3-4","Auto Partnerships","Dealerships; Insurance companies; Banks; Inspection services; Transport","ğŸ“‹ Backlog","ğŸŸ¡ High","Business Dev","â‚¬10,000","5 partners signed","2025-05-15","2025-05-31","Auto Features","Partner negotiations"
"Internationalization","Q2 2025","Ğ˜ÑĞ½ÑŒ","Week 1-2","Multi-language","Translation system; AI translations; Content moderation; SEO per language; Currency","ğŸ“‹ Backlog","ğŸŸ¡ High","Full Stack","â‚¬5,000","3 languages live","2025-06-01","2025-06-14","","Translation quality"
"Internationalization","Q2 2025","Ğ˜ÑĞ½ÑŒ","Week 1-2","Regional Expansion","Montenegro research; Bosnia entry; Croatia study; Legal compliance; Partnerships","ğŸ“‹ Backlog","ğŸŸ¡ High","Business Dev","â‚¬15,000","2 new markets","2025-06-01","2025-06-14","Multi-language","Regulatory issues"
"Internationalization","Q2 2025","Ğ˜ÑĞ½ÑŒ","Week 3-4","Performance Optimization","CDN setup; Image optimization; DB indexing; Caching; Load testing","ğŸ“‹ Backlog","ğŸŸ¡ High","DevOps","â‚¬3,000","<2s load time","2025-06-15","2025-06-30","","Performance degradation"
"WMS System","Q3 2025","Ğ˜ÑĞ»ÑŒ","Full Month","Warehouse Management","DDD architecture; Receiving; Storage; Pick & pack; Inventory; Integration; Barcode; Multi-warehouse","ğŸ“‹ Backlog","ğŸŸ¢ Medium","Team","â‚¬20,000","WMS operational","2025-07-01","2025-07-31","","Complex logistics"
"AI & Automation","Q3 2025","ĞĞ²Ğ³ÑƒÑÑ‚","Full Month","AI Features","Image recognition; Price recommendations; Fraud detection; Chatbot; Content gen; Forecasting; Dynamic pricing","ğŸ“‹ Backlog","ğŸŸ¢ Medium","AI Dev","â‚¬15,000","5 AI features live","2025-08-01","2025-08-31","","AI accuracy"
"Analytics & BI","Q3 2025","Ğ¡ĞµĞ½Ñ‚ÑĞ±Ñ€ÑŒ","Full Month","Business Intelligence","Data warehouse; ETL pipelines; Custom dashboards; Predictive analytics; Market insights; Competitor analysis; BI API","ğŸ“‹ Backlog","ğŸŸ¢ Medium","Data Team","â‚¬12,000","BI platform ready","2025-09-01","2025-09-30","","Data quality"
"Enterprise Features","Q4 2025","ĞĞºÑ‚ÑĞ±Ñ€ÑŒ","Full Month","B2B Marketplace","Bulk ordering; Quote system; Net terms; Volume discounts; Corporate accounts; Procurement; EDI","ğŸ“‹ Backlog","ğŸŸ¡ High","B2B Team","â‚¬18,000","Enterprise ready","2025-10-01","2025-10-31","","Enterprise complexity"
"Gamification & Social","Q4 2025","ĞĞ¾ÑĞ±Ñ€ÑŒ","Full Month","Social Commerce","Reviews & ratings; Social sharing; Influencer program; Referrals; Forums; Live streaming; Group buying","ğŸ“‹ Backlog","ğŸŸ¢ Medium","Social Team","â‚¬10,000","Social features live","2025-11-01","2025-11-30","","Community management"
"Platform 2.0","Q4 2025","Ğ”ĞµĞºĞ°Ğ±Ñ€ÑŒ","Full Month","Innovation","Blockchain; Crypto payments; NFT marketplace; Metaverse; AR try-on; Voice commerce; IoT","ğŸ“‹ Backlog","ğŸ”µ Low","Innovation Team","â‚¬25,000","2.0 announced","2025-12-01","2025-12-31","","Tech hype cycle"