–ù–∞–∑–≤–∞–Ω–∏–µ,–û–ø–∏—Å–∞–Ω–∏–µ,–ö–æ–ª–æ–Ω–∫–∞,–ü—Ä–∏–æ—Ä–∏—Ç–µ—Ç,–û—Ü–µ–Ω–∫–∞ (—á–∞—Å—ã),–≠–ø–∏–∫,–ú–µ—Ç–∫–∏,–ß–µ–∫–ª–∏—Å—Ç
"–ó–∞–≤–µ—Ä—à–∏—Ç—å –∏–Ω—Ç–µ–≥—Ä–∞—Ü–∏—é Post Express","–î–æ—Ä–∞–±–æ—Ç–∞—Ç—å –∏–Ω—Ç–µ–≥—Ä–∞—Ü–∏—é —Å Post Express –¥–ª—è —Ä–∞—Å—á–µ—Ç–∞ –¥–æ—Å—Ç–∞–≤–∫–∏ –∏ —Å–æ–∑–¥–∞–Ω–∏—è –∑–∞–∫–∞–∑–æ–≤","‚úÖ –ì–æ—Ç–æ–≤–æ","–ö—Ä–∏—Ç–∏—á–µ—Å–∫–∏–π",5,"üì¶ –õ–æ–≥–∏—Å—Ç–∏–∫–∞ –∏ –¥–æ—Å—Ç–∞–≤–∫–∞","delivery;integration;api","‚úì –ü–æ–ª—É—á–∏—Ç—å production credentials –æ—Ç Post Express
‚úì –ù–∞—Å—Ç—Ä–æ–∏—Ç—å webhook –¥–ª—è —Å—Ç–∞—Ç—É—Å–æ–≤ –¥–æ—Å—Ç–∞–≤–∫–∏
‚úì –î–æ–±–∞–≤–∏—Ç—å —Ç—Ä–µ–∫–∏–Ω–≥ –ø–æ—Å—ã–ª–æ–∫
‚úì –ò–Ω—Ç–µ–≥—Ä–∏—Ä–æ–≤–∞—Ç—å –ø–µ—á–∞—Ç—å —ç—Ç–∏–∫–µ—Ç–æ–∫
‚úì –ü—Ä–æ–≤–µ—Å—Ç–∏ E2E —Ç–µ—Å—Ç–∏—Ä–æ–≤–∞–Ω–∏–µ"
"–ò–Ω—Ç–µ–≥—Ä–∞—Ü–∏—è –ø–ª–∞—Ç–µ–∂–Ω–æ–π —Å–∏—Å—Ç–µ–º—ã Stripe","–ü–æ–¥–∫–ª—é—á–∏—Ç—å Stripe –¥–ª—è –ø—Ä–∏–µ–º–∞ –ø–ª–∞—Ç–µ–∂–µ–π –∫–∞—Ä—Ç–∞–º–∏","üìå –ö –≤—ã–ø–æ–ª–Ω–µ–Ω–∏—é","–ö—Ä–∏—Ç–∏—á–µ—Å–∫–∏–π",8,"üí≥ –ü–ª–∞—Ç–µ–∂–∏ –∏ —Ñ–∏–Ω–∞–Ω—Å—ã","payment;stripe;integration","‚úì –°–æ–∑–¥–∞—Ç—å Stripe –∞–∫–∫–∞—É–Ω—Ç –¥–ª—è –°–µ—Ä–±–∏–∏
‚úì –†–µ–∞–ª–∏–∑–æ–≤–∞—Ç—å Checkout Session API
‚úì –î–æ–±–∞–≤–∏—Ç—å webhook –¥–ª—è –ø–æ–¥—Ç–≤–µ—Ä–∂–¥–µ–Ω–∏—è –ø–ª–∞—Ç–µ–∂–µ–π
‚úì –ò–Ω—Ç–µ–≥—Ä–∏—Ä–æ–≤–∞—Ç—å Stripe Connect –¥–ª—è –≤—ã–ø–ª–∞—Ç –ø—Ä–æ–¥–∞–≤—Ü–∞–º
‚úì –ù–∞—Å—Ç—Ä–æ–∏—Ç—å –≤–æ–∑–≤—Ä–∞—Ç—ã –∏ –¥–∏—Å–ø—É—Ç—ã"
"–ò–Ω—Ç–µ–≥—Ä–∞—Ü–∏—è PaySpot –¥–ª—è C2C –ø–ª–∞—Ç–µ–∂–µ–π","–ü–æ–¥–∫–ª—é—á–∏—Ç—å PaySpot –∫–∞–∫ escrow —Å–µ—Ä–≤–∏—Å –¥–ª—è –±–µ–∑–æ–ø–∞—Å–Ω—ã—Ö C2C —Ç—Ä–∞–Ω–∑–∞–∫—Ü–∏–π","üìã –ë—ç–∫–ª–æ–≥","–í—ã—Å–æ–∫–∏–π",10,"üí≥ –ü–ª–∞—Ç–µ–∂–∏ –∏ —Ñ–∏–Ω–∞–Ω—Å—ã","payment;payspot;c2c;escrow","‚úì –ò–∑—É—á–∏—Ç—å API –¥–æ–∫—É–º–µ–Ω—Ç–∞—Ü–∏—é PaySpot
‚úì –†–µ–∞–ª–∏–∑–æ–≤–∞—Ç—å —Å–æ–∑–¥–∞–Ω–∏–µ escrow —Ç—Ä–∞–Ω–∑–∞–∫—Ü–∏–π
‚úì –î–æ–±–∞–≤–∏—Ç—å –ø–æ–¥—Ç–≤–µ—Ä–∂–¥–µ–Ω–∏–µ –ø–æ–ª—É—á–µ–Ω–∏—è —Ç–æ–≤–∞—Ä–∞
‚úì –ò–Ω—Ç–µ–≥—Ä–∏—Ä–æ–≤–∞—Ç—å —Å–∏—Å—Ç–µ–º—É —Ä–µ–π—Ç–∏–Ω–≥–æ–≤
‚úì –ù–∞—Å—Ç—Ä–æ–∏—Ç—å –∞–≤—Ç–æ–º–∞—Ç–∏—á–µ—Å–∫–∏–µ –≤—ã–ø–ª–∞—Ç—ã"
"–†–µ–∞–ª–∏–∑–æ–≤–∞—Ç—å —Ä–∞—Å—à–∏—Ä–µ–Ω–Ω—ã–µ –∞—Ç—Ä–∏–±—É—Ç—ã –≤–∞—Ä–∏–∞–Ω—Ç–æ–≤","–î–æ—Ä–∞–±–æ—Ç–∞—Ç—å —Å–∏—Å—Ç–µ–º—É –≤–∞—Ä–∏–∞–Ω—Ç–æ–≤ —Ç–æ–≤–∞—Ä–æ–≤ —Å–æ–≥–ª–∞—Å–Ω–æ –ø–ª–∞–Ω—É ADMIN_VARIANT_ATTRIBUTES_EXTENSION_PLAN.md","üìå –ö –≤—ã–ø–æ–ª–Ω–µ–Ω–∏—é","–í—ã—Å–æ–∫–∏–π",8,"üè™ –í–∏—Ç—Ä–∏–Ω—ã (Storefronts)","variants;attributes;backend","‚úì –†–∞—Å—à–∏—Ä–∏—Ç—å –º–æ–¥–µ–ª—å variant_attributes
‚úì –î–æ–±–∞–≤–∏—Ç—å UI –¥–ª—è —É–ø—Ä–∞–≤–ª–µ–Ω–∏—è –∞—Ç—Ä–∏–±—É—Ç–∞–º–∏
‚úì –†–µ–∞–ª–∏–∑–æ–≤–∞—Ç—å –Ω–∞—Å–ª–µ–¥–æ–≤–∞–Ω–∏–µ –∞—Ç—Ä–∏–±—É—Ç–æ–≤
‚úì –î–æ–±–∞–≤–∏—Ç—å –≤–∞–ª–∏–¥–∞—Ü–∏—é –∫–æ–º–±–∏–Ω–∞—Ü–∏–π
‚úì –û–±–Ω–æ–≤–∏—Ç—å API endpoints"
"–û—á–∏—Å—Ç–∫–∞ –∏ —É–Ω–∏—Ñ–∏–∫–∞—Ü–∏—è –∞–≤—Ç–æ–º–æ–±–∏–ª—å–Ω–æ–≥–æ —Ä–∞–∑–¥–µ–ª–∞","–ü—Ä–æ–≤–µ—Å—Ç–∏ —Ä–µ—Ñ–∞–∫—Ç–æ—Ä–∏–Ω–≥ –∞–≤—Ç–æ–º–æ–±–∏–ª—å–Ω–æ–π —á–∞—Å—Ç–∏ —Å–æ–≥–ª–∞—Å–Ω–æ AUTOMOTIVE_SECTION_STATUS_AND_PLAN.md","üìã –ë—ç–∫–ª–æ–≥","–°—Ä–µ–¥–Ω–∏–π",10,"üöó –ê–≤—Ç–æ–º–æ–±–∏–ª—å–Ω—ã–π —Ä–∞–∑–¥–µ–ª","automotive;refactoring;cleanup","‚úì –£–¥–∞–ª–∏—Ç—å –ø—É—Å—Ç—ã–µ —Ç–∞–±–ª–∏—Ü—ã –ë–î
‚úì –û–±—ä–µ–¥–∏–Ω–∏—Ç—å –¥—É–±–ª–∏—Ä—É—é—â–∏–µ—Å—è —Å–∏—Å—Ç–µ–º—ã
‚úì –ò–Ω—Ç–µ–≥—Ä–∏—Ä–æ–≤–∞—Ç—å —Å –æ—Å–Ω–æ–≤–Ω—ã–º –º–∞—Ä–∫–µ—Ç–ø–ª–µ–π—Å–æ–º
‚úì –ü–æ–¥–∫–ª—é—á–∏—Ç—å VIN –¥–µ–∫–æ–¥–∏—Ä–æ–≤–∞–Ω–∏–µ
‚úì –°–æ–∑–¥–∞—Ç—å —Å–ø–µ—Ü–∏–∞–ª–∏–∑–∏—Ä–æ–≤–∞–Ω–Ω—ã–µ —Ñ–∏–ª—å—Ç—Ä—ã"
"–†–∞–∑—Ä–∞–±–æ—Ç–∞—Ç—å —Å–∏—Å—Ç–µ–º—É –∏–º–ø–æ—Ä—Ç–∞ —Ç–æ–≤–∞—Ä–æ–≤ –¥–ª—è –≤–∏—Ç—Ä–∏–Ω","–°–æ–∑–¥–∞—Ç—å —Å–∏—Å—Ç–µ–º—É –º–∞—Å—Å–æ–≤–æ–≥–æ –∏–º–ø–æ—Ä—Ç–∞ —Ç–æ–≤–∞—Ä–æ–≤ –∏–∑ CSV/Excel –¥–ª—è –≤–∏—Ç—Ä–∏–Ω","üìã –ë—ç–∫–ª–æ–≥","–°—Ä–µ–¥–Ω–∏–π",6,"üè™ –í–∏—Ç—Ä–∏–Ω—ã (Storefronts)","import;storefronts;feature","‚úì –†–∞–∑—Ä–∞–±–æ—Ç–∞—Ç—å —Ñ–æ—Ä–º–∞—Ç –∏–º–ø–æ—Ä—Ç–∞
‚úì –°–æ–∑–¥–∞—Ç—å –ø–∞—Ä—Å–µ—Ä CSV/Excel
‚úì –î–æ–±–∞–≤–∏—Ç—å –≤–∞–ª–∏–¥–∞—Ü–∏—é –¥–∞–Ω–Ω—ã—Ö
‚úì –†–µ–∞–ª–∏–∑–æ–≤–∞—Ç—å –ø–∞–∫–µ—Ç–Ω—É—é –∑–∞–≥—Ä—É–∑–∫—É
‚úì –°–æ–∑–¥–∞—Ç—å –æ—Ç—á–µ—Ç—ã –æ–± –æ—à–∏–±–∫–∞—Ö –∏–º–ø–æ—Ä—Ç–∞"
"–í–Ω–µ–¥—Ä–∏—Ç—å —Å–∏—Å—Ç–µ–º—É —É–ø—Ä–∞–≤–ª–µ–Ω–∏—è –ø–µ—Ä–µ–≤–æ–¥–∞–º–∏","–ó–∞–≤–µ—Ä—à–∏—Ç—å –∞–¥–º–∏–Ω –ø–∞–Ω–µ–ª—å –¥–ª—è —É–ø—Ä–∞–≤–ª–µ–Ω–∏—è –ø–µ—Ä–µ–≤–æ–¥–∞–º–∏ —Å–æ–≥–ª–∞—Å–Ω–æ TRANSLATION_SYSTEM_COMPLETION_SPEC.md","üöÄ –í —Ä–∞–±–æ—Ç–µ","–í—ã—Å–æ–∫–∏–π",5,"üåç –ú—É–ª—å—Ç–∏—è–∑—ã—á–Ω–æ—Å—Ç—å","i18n;admin;translations","‚úì –î–æ–±–∞–≤–∏—Ç—å –ø–æ–∏—Å–∫ –ø–æ –ø–µ—Ä–µ–≤–æ–¥–∞–º
‚úì –†–µ–∞–ª–∏–∑–æ–≤–∞—Ç—å —ç–∫—Å–ø–æ—Ä—Ç/–∏–º–ø–æ—Ä—Ç
‚úì –î–æ–±–∞–≤–∏—Ç—å –≤–µ—Ä—Å–∏–æ–Ω–∏—Ä–æ–≤–∞–Ω–∏–µ
‚úì –ò–Ω—Ç–µ–≥—Ä–∏—Ä–æ–≤–∞—Ç—å AI –ø–µ—Ä–µ–≤–æ–¥—ã
‚úì –°–æ–∑–¥–∞—Ç—å —Å–∏—Å—Ç–µ–º—É —É–≤–µ–¥–æ–º–ª–µ–Ω–∏–π"
"–û–ø—Ç–∏–º–∏–∑–∏—Ä–æ–≤–∞—Ç—å –ø—Ä–æ–∏–∑–≤–æ–¥–∏—Ç–µ–ª—å–Ω–æ—Å—Ç—å –∫–∞—Ä—Ç—ã","–£–ª—É—á—à–∏—Ç—å –ø—Ä–æ–∏–∑–≤–æ–¥–∏—Ç–µ–ª—å–Ω–æ—Å—Ç—å –∏–Ω—Ç–µ—Ä–∞–∫—Ç–∏–≤–Ω–æ–π –∫–∞—Ä—Ç—ã –ø—Ä–∏ –±–æ–ª—å—à–æ–º –∫–æ–ª–∏—á–µ—Å—Ç–≤–µ –º–∞—Ä–∫–µ—Ä–æ–≤","üìã –ë—ç–∫–ª–æ–≥","–°—Ä–µ–¥–Ω–∏–π",4,"üó∫Ô∏è –ö–∞—Ä—Ç–∞ –∏ –≥–µ–æ–ª–æ–∫–∞—Ü–∏—è","performance;map;optimization","‚úì –í–Ω–µ–¥—Ä–∏—Ç—å —Å–µ—Ä–≤–µ—Ä–Ω—É—é –∫–ª–∞—Å—Ç–µ—Ä–∏–∑–∞—Ü–∏—é
‚úì –û–ø—Ç–∏–º–∏–∑–∏—Ä–æ–≤–∞—Ç—å –∑–∞–≥—Ä—É–∑–∫—É –º–∞—Ä–∫–µ—Ä–æ–≤
‚úì –î–æ–±–∞–≤–∏—Ç—å –≤–∏—Ä—Ç—É–∞–ª–∏–∑–∞—Ü–∏—é
‚úì –£–ª—É—á—à–∏—Ç—å –∫–µ—à–∏—Ä–æ–≤–∞–Ω–∏–µ
‚úì –ü—Ä–æ–≤–µ—Å—Ç–∏ –Ω–∞–≥—Ä—É–∑–æ—á–Ω–æ–µ —Ç–µ—Å—Ç–∏—Ä–æ–≤–∞–Ω–∏–µ"
"–°–æ–∑–¥–∞—Ç—å –º–æ–±–∏–ª—å–Ω–æ–µ –ø—Ä–∏–ª–æ–∂–µ–Ω–∏–µ","–†–∞–∑—Ä–∞–±–æ—Ç–∞—Ç—å React Native –ø—Ä–∏–ª–æ–∂–µ–Ω–∏–µ –¥–ª—è iOS –∏ Android","üìã –ë—ç–∫–ª–æ–≥","–ù–∏–∑–∫–∏–π",20,"üì± UX/UI","mobile;react-native;app","‚úì –ù–∞—Å—Ç—Ä–æ–∏—Ç—å React Native –ø—Ä–æ–µ–∫—Ç
‚úì –ê–¥–∞–ø—Ç–∏—Ä–æ–≤–∞—Ç—å UI –∫–æ–º–ø–æ–Ω–µ–Ω—Ç—ã
‚úì –ò–Ω—Ç–µ–≥—Ä–∏—Ä–æ–≤–∞—Ç—å —Å API
‚úì –î–æ–±–∞–≤–∏—Ç—å push —É–≤–µ–¥–æ–º–ª–µ–Ω–∏—è
‚úì –û–ø—É–±–ª–∏–∫–æ–≤–∞—Ç—å –≤ App Store –∏ Google Play"
"–í–Ω–µ–¥—Ä–∏—Ç—å RBAC —Å–∏—Å—Ç–µ–º—É","–†–µ–∞–ª–∏–∑–æ–≤–∞—Ç—å Role-Based Access Control —Å–æ–≥–ª–∞—Å–Ω–æ RBAC_SYSTEM_DESIGN.md","üìã –ë—ç–∫–ª–æ–≥","–í—ã—Å–æ–∫–∏–π",8,"üë• –ê–¥–º–∏–Ω–∏—Å—Ç—Ä–∏—Ä–æ–≤–∞–Ω–∏–µ","security;rbac;admin","‚úì –°–æ–∑–¥–∞—Ç—å —Ç–∞–±–ª–∏—Ü—ã —Ä–æ–ª–µ–π –∏ —Ä–∞–∑—Ä–µ—à–µ–Ω–∏–π
‚úì –†–µ–∞–ª–∏–∑–æ–≤–∞—Ç—å middleware –ø—Ä–æ–≤–µ—Ä–∫–∏ –ø—Ä–∞–≤
‚úì –î–æ–±–∞–≤–∏—Ç—å UI —É–ø—Ä–∞–≤–ª–µ–Ω–∏—è —Ä–æ–ª—è–º–∏
‚úì –ò–Ω—Ç–µ–≥—Ä–∏—Ä–æ–≤–∞—Ç—å —Å —Å—É—â–µ—Å—Ç–≤—É—é—â–µ–π —Å–∏—Å—Ç–µ–º–æ–π
‚úì –ü—Ä–æ–≤–µ—Å—Ç–∏ –∞—É–¥–∏—Ç –±–µ–∑–æ–ø–∞—Å–Ω–æ—Å—Ç–∏"
"–†–∞–∑—Ä–∞–±–æ—Ç–∞—Ç—å WMS —Å–∏—Å—Ç–µ–º—É","–°–æ–∑–¥–∞—Ç—å Warehouse Management System —Å–æ–≥–ª–∞—Å–Ω–æ FINAL_COMPLETE_WMS_MARKETPLACE_PLAN.md","üìã –ë—ç–∫–ª–æ–≥","–°—Ä–µ–¥–Ω–∏–π",30,"üè≠ WMS —Å–∏—Å—Ç–µ–º–∞","wms;warehouse;logistics","‚úì –°–ø—Ä–æ–µ–∫—Ç–∏—Ä–æ–≤–∞—Ç—å –∞—Ä—Ö–∏—Ç–µ–∫—Ç—É—Ä—É DDD
‚úì –°–æ–∑–¥–∞—Ç—å –º–æ–¥—É–ª—å –ø—Ä–∏–µ–º–∫–∏ —Ç–æ–≤–∞—Ä–æ–≤
‚úì –†–µ–∞–ª–∏–∑–æ–≤–∞—Ç—å —É–ø—Ä–∞–≤–ª–µ–Ω–∏–µ —Å–∫–ª–∞–¥—Å–∫–∏–º–∏ –º–µ—Å—Ç–∞–º–∏
‚úì –î–æ–±–∞–≤–∏—Ç—å —Å–∏—Å—Ç–µ–º—É –∏–Ω–≤–µ–Ω—Ç–∞—Ä–∏–∑–∞—Ü–∏–∏
‚úì –ò–Ω—Ç–µ–≥—Ä–∏—Ä–æ–≤–∞—Ç—å —Å –º–∞—Ä–∫–µ—Ç–ø–ª–µ–π—Å–æ–º"
"–£–ª—É—á—à–∏—Ç—å —Å—Ç—Ä–∞–Ω–∏—Ü—É –ø–æ–∏—Å–∫–∞","–î–æ—Ä–∞–±–æ—Ç–∞—Ç—å UX —Å—Ç—Ä–∞–Ω–∏—Ü—ã –ø–æ–∏—Å–∫–∞ —Å–æ–≥–ª–∞—Å–Ω–æ SEARCH_PAGE_IMPROVEMENT_PLAN.md","üìå –ö –≤—ã–ø–æ–ª–Ω–µ–Ω–∏—é","–°—Ä–µ–¥–Ω–∏–π",5,"üì± UX/UI","ux;search;frontend","‚úì –î–æ–±–∞–≤–∏—Ç—å –∞–≤—Ç–æ–¥–æ–ø–æ–ª–Ω–µ–Ω–∏–µ –ø–æ–∏—Å–∫–∞
‚úì –£–ª—É—á—à–∏—Ç—å —Ñ–∏–ª—å—Ç—Ä—ã
‚úì –î–æ–±–∞–≤–∏—Ç—å —Å–æ—Ö—Ä–∞–Ω–µ–Ω–Ω—ã–µ –ø–æ–∏—Å–∫–∏
‚úì –û–ø—Ç–∏–º–∏–∑–∏—Ä–æ–≤–∞—Ç—å –º–æ–±–∏–ª—å–Ω—É—é –≤–µ—Ä—Å–∏—é
‚úì –î–æ–±–∞–≤–∏—Ç—å –ø–æ–∏—Å–∫ –ø–æ –∏–∑–æ–±—Ä–∞–∂–µ–Ω–∏—é"
"–ù–∞—Å—Ç—Ä–æ–∏—Ç—å –º–æ–Ω–∏—Ç–æ—Ä–∏–Ω–≥ –∏ –∞–ª–µ—Ä—Ç—ã","–í–Ω–µ–¥—Ä–∏—Ç—å —Å–∏—Å—Ç–µ–º—É –º–æ–Ω–∏—Ç–æ—Ä–∏–Ω–≥–∞ —Å Prometheus –∏ Grafana","üìã –ë—ç–∫–ª–æ–≥","–í—ã—Å–æ–∫–∏–π",5,"üîß –ò–Ω—Ñ—Ä–∞—Å—Ç—Ä—É–∫—Ç—É—Ä–∞","monitoring;devops;infrastructure","‚úì –£—Å—Ç–∞–Ω–æ–≤–∏—Ç—å Prometheus –∏ Grafana
‚úì –ù–∞—Å—Ç—Ä–æ–∏—Ç—å –º–µ—Ç—Ä–∏–∫–∏ –ø—Ä–∏–ª–æ–∂–µ–Ω–∏—è
‚úì –°–æ–∑–¥–∞—Ç—å –¥–∞—à–±–æ—Ä–¥—ã
‚úì –ù–∞—Å—Ç—Ä–æ–∏—Ç—å –∞–ª–µ—Ä—Ç—ã
‚úì –ò–Ω—Ç–µ–≥—Ä–∏—Ä–æ–≤–∞—Ç—å —Å Telegram/Slack"
"–ò–Ω—Ç–µ–≥—Ä–∏—Ä–æ–≤–∞—Ç—å BEX Express","–î–æ–±–∞–≤–∏—Ç—å –ø–æ–¥–¥–µ—Ä–∂–∫—É –¥–æ—Å—Ç–∞–≤–∫–∏ —á–µ—Ä–µ–∑ BEX Express —Å–æ–≥–ª–∞—Å–Ω–æ BEX_EXPRESS_INTEGRATION.md","üìã –ë—ç–∫–ª–æ–≥","–°—Ä–µ–¥–Ω–∏–π",6,"üì¶ –õ–æ–≥–∏—Å—Ç–∏–∫–∞ –∏ –¥–æ—Å—Ç–∞–≤–∫–∞","delivery;bex;integration","‚úì –ò–∑—É—á–∏—Ç—å API –¥–æ–∫—É–º–µ–Ω—Ç–∞—Ü–∏—é BEX
‚úì –†–µ–∞–ª–∏–∑–æ–≤–∞—Ç—å —Ä–∞—Å—á–µ—Ç —Å—Ç–æ–∏–º–æ—Å—Ç–∏
‚úì –î–æ–±–∞–≤–∏—Ç—å —Å–æ–∑–¥–∞–Ω–∏–µ –∑–∞–∫–∞–∑–æ–≤
‚úì –ò–Ω—Ç–µ–≥—Ä–∏—Ä–æ–≤–∞—Ç—å —Ç—Ä–µ–∫–∏–Ω–≥
‚úì –ù–∞—Å—Ç—Ä–æ–∏—Ç—å –ø–µ—á–∞—Ç—å —ç—Ç–∏–∫–µ—Ç–æ–∫"
"–î–æ–±–∞–≤–∏—Ç—å —Å–∏—Å—Ç–µ–º—É –∫—É–ø–æ–Ω–æ–≤ –∏ —Å–∫–∏–¥–æ–∫","–†–µ–∞–ª–∏–∑–æ–≤–∞—Ç—å –≥–∏–±–∫—É—é —Å–∏—Å—Ç–µ–º—É –ø—Ä–æ–º–æ–∫–æ–¥–æ–≤ –∏ —Å–∫–∏–¥–æ–∫","üìã –ë—ç–∫–ª–æ–≥","–ù–∏–∑–∫–∏–π",6,"üí≥ –ü–ª–∞—Ç–µ–∂–∏ –∏ —Ñ–∏–Ω–∞–Ω—Å—ã","discounts;coupons;marketing","‚úì –°–ø—Ä–æ–µ–∫—Ç–∏—Ä–æ–≤–∞—Ç—å –º–æ–¥–µ–ª—å —Å–∫–∏–¥–æ–∫
‚úì –°–æ–∑–¥–∞—Ç—å –∞–¥–º–∏–Ω –∏–Ω—Ç–µ—Ä—Ñ–µ–π—Å
‚úì –†–µ–∞–ª–∏–∑–æ–≤–∞—Ç—å –ø—Ä–∏–º–µ–Ω–µ–Ω–∏–µ –ø—Ä–∏ –æ–ø–ª–∞—Ç–µ
‚úì –î–æ–±–∞–≤–∏—Ç—å –æ–≥—Ä–∞–Ω–∏—á–µ–Ω–∏—è –∏—Å–ø–æ–ª—å–∑–æ–≤–∞–Ω–∏—è
‚úì –°–æ–∑–¥–∞—Ç—å –æ—Ç—á–µ—Ç—ã –ø–æ –∏—Å–ø–æ–ª—å–∑–æ–≤–∞–Ω–∏—é"
"–ò—Å–ø—Ä–∞–≤–∏—Ç—å –æ—Ç–æ–±—Ä–∞–∂–µ–Ω–∏–µ –∏–∑–æ–±—Ä–∞–∂–µ–Ω–∏–π –Ω–∞ dev —Å–µ—Ä–≤–µ—Ä–µ","–†–µ—à–∏—Ç—å –ø—Ä–æ–±–ª–µ–º—É —Å —Å–∏–Ω—Ö—Ä–æ–Ω–∏–∑–∞—Ü–∏–µ–π –∏–∑–æ–±—Ä–∞–∂–µ–Ω–∏–π –º–µ–∂–¥—É MinIO –∏–Ω—Å—Ç–∞–Ω—Å–∞–º–∏","‚úÖ –ì–æ—Ç–æ–≤–æ","–ö—Ä–∏—Ç–∏—á–µ—Å–∫–∏–π",3,"üîß –ò–Ω—Ñ—Ä–∞—Å—Ç—Ä—É–∫—Ç—É—Ä–∞","minio;images;bug","‚úì –ù–∞—Å—Ç—Ä–æ–∏—Ç—å —Ä–µ–ø–ª–∏–∫–∞—Ü–∏—é MinIO
‚úì –°–∏–Ω—Ö—Ä–æ–Ω–∏–∑–∏—Ä–æ–≤–∞—Ç—å —Å—É—â–µ—Å—Ç–≤—É—é—â–∏–µ —Ñ–∞–π–ª—ã
‚úì –û–±–Ω–æ–≤–∏—Ç—å –∫–æ–Ω—Ñ–∏–≥—É—Ä–∞—Ü–∏—é nginx
‚úì –ü—Ä–æ—Ç–µ—Å—Ç–∏—Ä–æ–≤–∞—Ç—å –∑–∞–≥—Ä—É–∑–∫—É
‚úì –î–æ–∫—É–º–µ–Ω—Ç–∏—Ä–æ–≤–∞—Ç—å —Ä–µ—à–µ–Ω–∏–µ"
"–†–µ–∞–ª–∏–∑–æ–≤–∞—Ç—å —á–∞—Ç –¥–ª—è —Ç–æ–≤–∞—Ä–æ–≤ –≤–∏—Ç—Ä–∏–Ω","–î–æ–±–∞–≤–∏—Ç—å –≤–æ–∑–º–æ–∂–Ω–æ—Å—Ç—å –æ–±—â–µ–Ω–∏—è –ø–æ –∫–æ–Ω–∫—Ä–µ—Ç–Ω—ã–º —Ç–æ–≤–∞—Ä–∞–º —Å–æ–≥–ª–∞—Å–Ω–æ STOREFRONT_PRODUCT_CHAT_TODO.md","üìã –ë—ç–∫–ª–æ–≥","–°—Ä–µ–¥–Ω–∏–π",5,"üè™ –í–∏—Ç—Ä–∏–Ω—ã (Storefronts)","chat;storefronts;feature","‚úì –†–∞—Å—à–∏—Ä–∏—Ç—å –º–æ–¥–µ–ª—å —á–∞—Ç–æ–≤
‚úì –î–æ–±–∞–≤–∏—Ç—å —Å–≤—è–∑—å —Å —Ç–æ–≤–∞—Ä–∞–º–∏
‚úì –°–æ–∑–¥–∞—Ç—å UI –¥–ª—è —á–∞—Ç–∞ —Ç–æ–≤–∞—Ä–∞
‚úì –î–æ–±–∞–≤–∏—Ç—å —É–≤–µ–¥–æ–º–ª–µ–Ω–∏—è
‚úì –ò–Ω—Ç–µ–≥—Ä–∏—Ä–æ–≤–∞—Ç—å —Å –º–æ–±–∏–ª—å–Ω—ã–º –ø—Ä–∏–ª–æ–∂–µ–Ω–∏–µ–º"
"–ü—Ä–æ–≤–µ—Å—Ç–∏ –∞—É–¥–∏—Ç –±–µ–∑–æ–ø–∞—Å–Ω–æ—Å—Ç–∏","–ü–æ–ª–Ω—ã–π security –∞—É–¥–∏—Ç –ø–ª–∞—Ç—Ñ–æ—Ä–º—ã –ø–µ—Ä–µ–¥ –∑–∞–ø—É—Å–∫–æ–º","üìå –ö –≤—ã–ø–æ–ª–Ω–µ–Ω–∏—é","–ö—Ä–∏—Ç–∏—á–µ—Å–∫–∏–π",5,"üîß –ò–Ω—Ñ—Ä–∞—Å—Ç—Ä—É–∫—Ç—É—Ä–∞","security;audit;compliance","‚úì –ü—Ä–æ–≤–µ—Ä–∏—Ç—å OWASP Top 10
‚úì –ê—É–¥–∏—Ç –∑–∞–≤–∏—Å–∏–º–æ—Å—Ç–µ–π
‚úì Penetration testing
‚úì –ü—Ä–æ–≤–µ—Ä–∫–∞ –∫–æ–Ω—Ñ–∏–≥—É—Ä–∞—Ü–∏–π
‚úì –°–æ—Å—Ç–∞–≤–∏—Ç—å –ø–ª–∞–Ω –∏—Å–ø—Ä–∞–≤–ª–µ–Ω–∏–π"
"–°–æ–∑–¥–∞—Ç—å —Å–∏—Å—Ç–µ–º—É –∞–Ω–∞–ª–∏—Ç–∏–∫–∏","–í–Ω–µ–¥—Ä–∏—Ç—å –∞–Ω–∞–ª–∏—Ç–∏–∫—É –¥–ª—è –ø—Ä–æ–¥–∞–≤—Ü–æ–≤ –∏ –∞–¥–º–∏–Ω–∏—Å—Ç—Ä–∞—Ç–æ—Ä–æ–≤","üìã –ë—ç–∫–ª–æ–≥","–ù–∏–∑–∫–∏–π",8,"üë• –ê–¥–º–∏–Ω–∏—Å—Ç—Ä–∏—Ä–æ–≤–∞–Ω–∏–µ","analytics;reporting;dashboard","‚úì –ò–Ω—Ç–µ–≥—Ä–∏—Ä–æ–≤–∞—Ç—å Google Analytics
‚úì –°–æ–∑–¥–∞—Ç—å –¥–∞—à–±–æ—Ä–¥ –ø—Ä–æ–¥–∞–≤—Ü–∞
‚úì –î–æ–±–∞–≤–∏—Ç—å –æ—Ç—á–µ—Ç—ã –ø–æ –ø—Ä–æ–¥–∞–∂–∞–º
‚úì –†–µ–∞–ª–∏–∑–æ–≤–∞—Ç—å —ç–∫—Å–ø–æ—Ä—Ç –¥–∞–Ω–Ω—ã—Ö
‚úì –°–æ–∑–¥–∞—Ç—å API –¥–ª—è BI —Å–∏—Å—Ç–µ–º"
"–û–ø—Ç–∏–º–∏–∑–∏—Ä–æ–≤–∞—Ç—å SEO","–£–ª—É—á—à–∏—Ç—å –ø–æ–∏—Å–∫–æ–≤—É—é –æ–ø—Ç–∏–º–∏–∑–∞—Ü–∏—é –¥–ª—è Google","üìã –ë—ç–∫–ª–æ–≥","–°—Ä–µ–¥–Ω–∏–π",4,"üì± UX/UI","seo;optimization;marketing","‚úì –ù–∞—Å—Ç—Ä–æ–∏—Ç—å meta —Ç–µ–≥–∏
‚úì –°–æ–∑–¥–∞—Ç—å sitemap.xml
‚úì –û–ø—Ç–∏–º–∏–∑–∏—Ä–æ–≤–∞—Ç—å —Å–∫–æ—Ä–æ—Å—Ç—å –∑–∞–≥—Ä—É–∑–∫–∏
‚úì –î–æ–±–∞–≤–∏—Ç—å —Å—Ç—Ä—É–∫—Ç—É—Ä–∏—Ä–æ–≤–∞–Ω–Ω—ã–µ –¥–∞–Ω–Ω—ã–µ
‚úì –ù–∞—Å—Ç—Ä–æ–∏—Ç—å Google Search Console"