Module,Language,Key,Value,Placeholders
"storefronts","ru","bulk.status","[RU] Status","[RU]"
"storefronts","ru","variants.lowStock","[RU] Low Stock","[RU]"
"storefronts","ru","variants.inStock","[RU] In Stock","[RU]"
"storefronts","ru","variants.Failed to update stock","[RU] Failed to update stock","[RU]"
"storefronts","ru","variants.csvImportSuccess","[RU] Csv Import Success","[RU]"
"storefronts","ru","variants.Failed to import CSV","[RU] Failed to import  C S V","[RU]"
"storefronts","ru","variants.a","[RU] A","[RU]"
"storefronts","ru","variants.Failed to export CSV","[RU] Failed to export  C S V","[RU]"
"storefronts","ru","variants.lowStockCount","[RU] Low Stock Count","[RU]"
"storefronts","ru","variants.outOfStockCount","[RU] Out Of Stock Count","[RU]"
"storefronts","ru","variants.searchPlaceholder","[RU] Search Placeholder","[RU]"
"storefronts","ru","variants.status","[RU] Status","[RU]"
"storefronts","ru","variants.allStatuses","[RU] All Statuses","[RU]"
"storefronts","ru","variants.attribute","[RU] Attribute","[RU]"
"storefronts","ru","variants.allAttributes","[RU] All Attributes","[RU]"
"storefronts","ru","variants.attributeValue","[RU] Attribute Value","[RU]"
"storefronts","ru","variants.allValues","[RU] All Values","[RU]"
"storefronts","ru","variants.clearSelection","[RU] Clear Selection","[RU]"
"storefronts","ru","variants.selected","[RU] Selected","[RU]"
"storefronts","ru","variants.add","[RU] Add","[RU]"
"storefronts","ru","variants.subtract","[RU] Subtract","[RU]"
"storefronts","ru","variants.setTo","[RU] Set To","[RU]"
"storefronts","ru","variants.apply","[RU] Apply","[RU]"
"storefronts","ru","variants.importing","[RU] Importing","[RU]"
"storefronts","ru","variants.importCSV","[RU] Import C S V","[RU]"
"storefronts","ru","variants.exporting","[RU] Exporting","[RU]"
"storefronts","ru","variants.exportCSV","[RU] Export C S V","[RU]"
"storefronts","ru","variants.saving","[RU] Saving","[RU]"
"storefronts","ru","variants.saveChanges","[RU] Save Changes","[RU]"
"storefronts","ru","variants.name","[RU] Name","[RU]"
"storefronts","ru","variants.sku","[RU] Sku","[RU]"
"storefronts","ru","variants.stock","[RU] Stock","[RU]"
"storefronts","ru","variants.updated_at","[RU] Updated_at","[RU]"
"storefronts","ru","variants.lastUpdated","[RU] Last Updated","[RU]"
"storefronts","ru","variants.noVariants","[RU] No Variants","[RU]"
"storefronts","ru","variants.noVariantsMatch","[RU] No Variants Match","[RU]"
"storefronts","ru","variants.noVariantsDescription","[RU] No Variants Description","[RU]"
"storefronts","ru","variants.tryDifferentFilters","[RU] Try Different Filters","[RU]"
"storefronts","ru","variants.availability","[RU] Availability","[RU]"
"storefronts","ru","variants.moreImages","[RU] More Images","[RU]"
"storefronts","ru","variants.Failed to generate variants","[RU] Failed to generate variants","[RU]"
"storefronts","ru","variants.title","[RU] Title","[RU]"
"storefronts","ru","variants.selectAttributesHelp","[RU] Select Attributes Help","[RU]"
"storefronts","ru","variants.generationSummary","[RU] Generation Summary","[RU]"
"storefronts","ru","variants.totalCombinations","[RU] Total Combinations","[RU]"
"storefronts","ru","variants.generating","[RU] Generating","[RU]"
"storefronts","ru","variants.Failed to update variant","[RU] Failed to update variant","[RU]"
"storefronts","ru","variants.acrossAllVariants","[RU] Across All Variants","[RU]"
"storefronts","ru","variants.variantsWithLowStock","[RU] Variants With Low Stock","[RU]"
"storefronts","ru","variants.variantsOutOfStock","[RU] Variants Out Of Stock","[RU]"
"storefronts","ru","variants.bulkStockOperations","[RU] Bulk Stock Operations","[RU]"
"storefronts","ru","variants.operation","[RU] Operation","[RU]"
"storefronts","ru","variants.amount","[RU] Amount","[RU]"
"storefronts","ru","variants.currentStock","[RU] Current Stock","[RU]"
"storefronts","ru","variants.noAnalytics","[RU] No Analytics","[RU]"
"storefronts","ru","variants.noAnalyticsDescription","[RU] No Analytics Description","[RU]"
"storefronts","ru","variants.totalSold","[RU] Total Sold","[RU]"
"storefronts","ru","variants.lowStockVariants","[RU] Low Stock Variants","[RU]"
"storefronts","ru","variants.bestSeller","[RU] Best Seller","[RU]"
"storefronts","ru","variants.stockByAttribute","[RU] Stock By Attribute","[RU]"
"storefronts","ru","variants.salesByAttribute","[RU] Sales By Attribute","[RU]"
"storefronts","ru","stockStatus.out_of_stock","[RU] Out_of_stock","[RU]"
"storefronts","ru","stockStatus.in_stock","[RU] In_stock","[RU]"
"storefronts","ru","stockStatus.low_stock","[RU] Low_stock","[RU]"
"storefronts","ru","tabs.attributes","[RU] Attributes","[RU]"
"storefronts","ru","tabs.variants","[RU] Variants","[RU]"
"storefronts","ru","tabs.stock","[RU] Stock","[RU]"
"storefronts","ru","tabs.analytics","[RU] Analytics","[RU]"
"storefronts","sr","products.noVariantAttributesForCategory","[SR] No Variant Attributes For Category","[SR]"
"storefronts","sr","products.categoryDoesNotSupportVariants","[SR] Category Does Not Support Variants","[SR]"
"storefronts","sr","products.selectValuesForVariants","[SR] Select Values For Variants","[SR]"
"storefronts","sr","products.affectsStock","[SR] Affects Stock","[SR]"
"storefronts","sr","products.attributesFromPreviousStep","[SR] Attributes From Previous Step","[SR]"
"storefronts","sr","products.stockSettings","[SR] Stock Settings","[SR]"
"storefronts","sr","products.defaultStockQuantity","[SR] Default Stock Quantity","[SR]"
"storefronts","sr","products.useIndividualQuantities","[SR] Use Individual Quantities","[SR]"
"storefronts","sr","products.errorLoadingProducts","[SR] Error Loading Products","[SR]"
"storefronts","sr","variants.lowStock","[SR] Low Stock","[SR]"
"storefronts","sr","variants.inStock","[SR] In Stock","[SR]"
"storefronts","sr","variants.Failed to update stock","[SR] Failed to update stock","[SR]"
"storefronts","sr","variants.csvImportSuccess","[SR] Csv Import Success","[SR]"
"storefronts","sr","variants.Failed to import CSV","[SR] Failed to import  C S V","[SR]"
"storefronts","sr","variants.a","[SR] A","[SR]"
"storefronts","sr","variants.Failed to export CSV","[SR] Failed to export  C S V","[SR]"
"storefronts","sr","variants.lowStockCount","[SR] Low Stock Count","[SR]"
"storefronts","sr","variants.outOfStockCount","[SR] Out Of Stock Count","[SR]"
"storefronts","sr","variants.searchPlaceholder","[SR] Search Placeholder","[SR]"
"storefronts","sr","variants.status","[SR] Status","[SR]"
"storefronts","sr","variants.allStatuses","[SR] All Statuses","[SR]"
"storefronts","sr","variants.attribute","[SR] Attribute","[SR]"
"storefronts","sr","variants.allAttributes","[SR] All Attributes","[SR]"
"storefronts","sr","variants.attributeValue","[SR] Attribute Value","[SR]"
"storefronts","sr","variants.allValues","[SR] All Values","[SR]"
"storefronts","sr","variants.selectAll","[SR] Select All","[SR]"
"storefronts","sr","variants.clearSelection","[SR] Clear Selection","[SR]"
"storefronts","sr","variants.selected","[SR] Selected","[SR]"
"storefronts","sr","variants.add","[SR] Add","[SR]"
"storefronts","sr","variants.subtract","[SR] Subtract","[SR]"
"storefronts","sr","variants.setTo","[SR] Set To","[SR]"
"storefronts","sr","variants.apply","[SR] Apply","[SR]"
"storefronts","sr","variants.importing","[SR] Importing","[SR]"
"storefronts","sr","variants.importCSV","[SR] Import C S V","[SR]"
"storefronts","sr","variants.exporting","[SR] Exporting","[SR]"
"storefronts","sr","variants.exportCSV","[SR] Export C S V","[SR]"
"storefronts","sr","variants.saving","[SR] Saving","[SR]"
"storefronts","sr","variants.saveChanges","[SR] Save Changes","[SR]"
"storefronts","sr","variants.name","[SR] Name","[SR]"
"storefronts","sr","variants.sku","[SR] Sku","[SR]"
"storefronts","sr","variants.stock","[SR] Stock","[SR]"
"storefronts","sr","variants.updated_at","[SR] Updated_at","[SR]"
"storefronts","sr","variants.lastUpdated","[SR] Last Updated","[SR]"
"storefronts","sr","variants.noVariants","[SR] No Variants","[SR]"
"storefronts","sr","variants.noVariantsMatch","[SR] No Variants Match","[SR]"
"storefronts","sr","variants.noVariantsDescription","[SR] No Variants Description","[SR]"
"storefronts","sr","variants.tryDifferentFilters","[SR] Try Different Filters","[SR]"
"storefronts","sr","variants.availability","[SR] Availability","[SR]"
"storefronts","sr","variants.moreImages","[SR] More Images","[SR]"
"storefronts","sr","variants.Failed to generate variants","[SR] Failed to generate variants","[SR]"
"storefronts","sr","variants.title","[SR] Title","[SR]"
"storefronts","sr","variants.selectAttributesHelp","[SR] Select Attributes Help","[SR]"
"storefronts","sr","variants.generationSummary","[SR] Generation Summary","[SR]"
"storefronts","sr","variants.totalCombinations","[SR] Total Combinations","[SR]"
"storefronts","sr","variants.generating","[SR] Generating","[SR]"
"storefronts","sr","variants.Failed to update variant","[SR] Failed to update variant","[SR]"
"storefronts","sr","variants.acrossAllVariants","[SR] Across All Variants","[SR]"
"storefronts","sr","variants.variantsWithLowStock","[SR] Variants With Low Stock","[SR]"
"storefronts","sr","variants.variantsOutOfStock","[SR] Variants Out Of Stock","[SR]"
"storefronts","sr","variants.bulkStockOperations","[SR] Bulk Stock Operations","[SR]"
"storefronts","sr","variants.operation","[SR] Operation","[SR]"
"storefronts","sr","variants.amount","[SR] Amount","[SR]"
"storefronts","sr","variants.currentStock","[SR] Current Stock","[SR]"
"storefronts","sr","variants.noAnalytics","[SR] No Analytics","[SR]"
"storefronts","sr","variants.noAnalyticsDescription","[SR] No Analytics Description","[SR]"
"storefronts","sr","variants.totalSold","[SR] Total Sold","[SR]"
"storefronts","sr","variants.lowStockVariants","[SR] Low Stock Variants","[SR]"
"storefronts","sr","variants.bestSeller","[SR] Best Seller","[SR]"
"storefronts","sr","variants.stockByAttribute","[SR] Stock By Attribute","[SR]"
"storefronts","sr","variants.salesByAttribute","[SR] Sales By Attribute","[SR]"
"storefronts","sr","stockStatus.out_of_stock","[SR] Out_of_stock","[SR]"
"storefronts","sr","stockStatus.in_stock","[SR] In_stock","[SR]"
"storefronts","sr","stockStatus.low_stock","[SR] Low_stock","[SR]"
"storefronts","sr","bulk.selectMode","[SR] Select Mode","[SR]"
"storefronts","sr","bulk.selectAll","[SR] Select All","[SR]"
"storefronts","sr","bulk.status","[SR] Status","[SR]"
"storefronts","sr","tabs.attributes","[SR] Attributes","[SR]"
"storefronts","sr","tabs.variants","[SR] Variants","[SR]"
"storefronts","sr","tabs.stock","[SR] Stock","[SR]"
"storefronts","sr","tabs.analytics","[SR] Analytics","[SR]"
"search","ru","city","[RU] City","[RU]"
"search","ru","enterCity","[RU] Enter City","[RU]"
"search","ru","category","[RU] Category","[RU]"
"search","ru","allCategories","[RU] All Categories","[RU]"
"search","ru","inCategory","[RU] In Category","[RU]"
"search","ru","search.searchHistory","[RU] Search History","[RU]"
"search","ru","search.clearHistory","[RU] Clear History","[RU]"
"search","sr","city","[SR] City","[SR]"
"search","sr","enterCity","[SR] Enter City","[SR]"
"search","sr","category","[SR] Category","[SR]"
"search","sr","allCategories","[SR] All Categories","[SR]"
"search","sr","inCategory","[SR] In Category","[SR]"
"search","sr","search.searchHistory","[SR] Search History","[SR]"
"search","sr","search.clearHistory","[SR] Clear History","[SR]"
"search","sr","popularSearches","[SR] Popular Searches","[SR]"
"reviews","ru","comment.placeholder","[RU] Placeholder","[RU]"
"reviews","ru","comment.tooShort","[RU] Too Short","[RU]"
"reviews","ru","cons.placeholder","[RU] Placeholder","[RU]"
"reviews","ru","gallery.closeGallery","[RU] Close Gallery","[RU]"
"reviews","ru","gallery.fullscreenMode","[RU] Fullscreen Mode","[RU]"
"reviews","ru","gallery.nextImage","[RU] Next Image","[RU]"
"reviews","ru","gallery.of","[RU] Of","[RU]"
"reviews","ru","gallery.photo","[RU] Photo","[RU]"
"reviews","ru","gallery.previousImage","[RU] Previous Image","[RU]"
"reviews","ru","gallery.swipeToNavigate","[RU] Swipe To Navigate","[RU]"
"reviews","ru","list.anonymous","[RU] Anonymous","[RU]"
"reviews","ru","list.byDate","[RU] By Date","[RU]"
"reviews","ru","list.byHelpfulness","[RU] By Helpfulness","[RU]"
"reviews","ru","list.byRating","[RU] By Rating","[RU]"
"reviews","ru","list.cons","[RU] Cons","[RU]"
"reviews","ru","list.dispute","[RU] Dispute","[RU]"
"reviews","ru","list.disputePlaceholder","[RU] Dispute Placeholder","[RU]"
"reviews","ru","list.disputeReason","[RU] Dispute Reason","[RU]"
"reviews","ru","list.disputeReview","[RU] Dispute Review","[RU]"
"reviews","ru","list.helpful","[RU] Helpful","[RU]"
"reviews","ru","list.pros","[RU] Pros","[RU]"
"reviews","ru","list.rating","[RU] Rating","[RU]"
"reviews","ru","list.seller","[RU] Seller","[RU]"
"reviews","ru","list.sellerConfirmed","[RU] Seller Confirmed","[RU]"
"reviews","ru","list.verified","[RU] Verified","[RU]"
"reviews","ru","list.withPhotos","[RU] With Photos","[RU]"
"reviews","ru","photos.dragText","[RU] Drag Text","[RU]"
"reviews","ru","photos.fileTypes","[RU] File Types","[RU]"
"reviews","ru","photos.limitReached","[RU] Limit Reached","[RU]"
"reviews","ru","photos.maxFiles","[RU] Max Files","[RU]"
"reviews","ru","progress.creating","[RU] Creating","[RU]"
"reviews","ru","progress.publishing","[RU] Publishing","[RU]"
"reviews","ru","progress.uploading","[RU] Uploading","[RU]"
"reviews","ru","pros.placeholder","[RU] Placeholder","[RU]"
"reviews","ru","section.alreadyReviewed","[RU] Already Reviewed","[RU]"
"reviews","ru","section.ownerCantReview","[RU] Owner Cant Review","[RU]"
"reviews","ru","stats.verified","[RU] Verified","[RU]"
"reviews","sr","comment.placeholder","[SR] Placeholder","[SR]"
"reviews","sr","comment.tooShort","[SR] Too Short","[SR]"
"reviews","sr","cons.placeholder","[SR] Placeholder","[SR]"
"reviews","sr","form.submit","[SR] Submit","[SR]"
"reviews","sr","gallery.closeGallery","[SR] Close Gallery","[SR]"
"reviews","sr","gallery.fullscreenMode","[SR] Fullscreen Mode","[SR]"
"reviews","sr","gallery.nextImage","[SR] Next Image","[SR]"
"reviews","sr","gallery.of","[SR] Of","[SR]"
"reviews","sr","gallery.photo","[SR] Photo","[SR]"
"reviews","sr","gallery.previousImage","[SR] Previous Image","[SR]"
"reviews","sr","gallery.swipeToNavigate","[SR] Swipe To Navigate","[SR]"
"reviews","sr","list.anonymous","[SR] Anonymous","[SR]"
"reviews","sr","list.byDate","[SR] By Date","[SR]"
"reviews","sr","list.byHelpfulness","[SR] By Helpfulness","[SR]"
"reviews","sr","list.byRating","[SR] By Rating","[SR]"
"reviews","sr","list.confirm","[SR] Confirm","[SR]"
"reviews","sr","list.cons","[SR] Cons","[SR]"
"reviews","sr","list.dispute","[SR] Dispute","[SR]"
"reviews","sr","list.disputePlaceholder","[SR] Dispute Placeholder","[SR]"
"reviews","sr","list.disputeReason","[SR] Dispute Reason","[SR]"
"reviews","sr","list.disputeReview","[SR] Dispute Review","[SR]"
"reviews","sr","list.helpful","[SR] Helpful","[SR]"
"reviews","sr","list.pros","[SR] Pros","[SR]"
"reviews","sr","list.rating","[SR] Rating","[SR]"
"reviews","sr","list.seller","[SR] Seller","[SR]"
"reviews","sr","list.sellerConfirmed","[SR] Seller Confirmed","[SR]"
"reviews","sr","list.sortBy","[SR] Sort By","[SR]"
"reviews","sr","list.submit","[SR] Submit","[SR]"
"reviews","sr","list.verified","[SR] Verified","[SR]"
"reviews","sr","list.verifiedPurchase","[SR] Verified Purchase","[SR]"
"reviews","sr","list.withPhotos","[SR] With Photos","[SR]"
"reviews","sr","photos.dragText","[SR] Drag Text","[SR]"
"reviews","sr","photos.fileTypes","[SR] File Types","[SR]"
"reviews","sr","photos.limitReached","[SR] Limit Reached","[SR]"
"reviews","sr","photos.maxFiles","[SR] Max Files","[SR]"
"reviews","sr","progress.creating","[SR] Creating","[SR]"
"reviews","sr","progress.publishing","[SR] Publishing","[SR]"
"reviews","sr","progress.uploading","[SR] Uploading","[SR]"
"reviews","sr","pros.placeholder","[SR] Placeholder","[SR]"
"reviews","sr","section.alreadyReviewed","[SR] Already Reviewed","[SR]"
"reviews","sr","section.ownerCantReview","[SR] Owner Cant Review","[SR]"
"reviews","sr","stats.verified","[SR] Verified","[SR]"
"orders","en","statistics.allTime","[MISSING_EN] allTime","[MISSING_EN]"
"orders","en","statistics.monthlyComparison","[MISSING_EN] monthlyComparison","[MISSING_EN]"
"orders","en","statistics.orders","[MISSING_EN] orders","[MISSING_EN]"
"orders","en","statistics.perOrder","[MISSING_EN] perOrder","[MISSING_EN]"
"orders","en","statistics.spendingDecrease","[MISSING_EN] spendingDecrease {percent}","[MISSING_EN]"
"orders","en","statistics.spendingIncrease","[MISSING_EN] spendingIncrease {percent}","[MISSING_EN]"
"orders","en","statistics.spent","[MISSING_EN] spent","[MISSING_EN]"
"orders","en","activeFilters","[MISSING_EN] activeFilters","[MISSING_EN]"
"orders","en","advancedFilters","[MISSING_EN] advancedFilters","[MISSING_EN]"
"orders","en","filter","[MISSING_EN] filter","[MISSING_EN]"
"orders","en","search","[MISSING_EN] search","[MISSING_EN]"
"orders","ru","cancelError","[RU] Cancel Error","[RU]"
"orders","ru","cancelSuccess","[RU] Cancel Success","[RU]"
"orders","ru","carrier","[RU] Carrier","[RU]"
"orders","ru","confirmCancel","[RU] Confirm Cancel","[RU]"
"orders","ru","hideDetails","[RU] Hide Details","[RU]"
"orders","ru","ordered","[RU] Ordered","[RU]"
"orders","ru","success.contact","[RU] Contact","[RU]"
"orders","ru","success.contactDesc","[RU] Contact Desc","[RU]"
"orders","ru","success.description","[RU] Description","[RU]"
"orders","ru","success.emailConfirmation","[RU] Email Confirmation","[RU]"
"orders","ru","success.emailConfirmationDesc","[RU] Email Confirmation Desc","[RU]"
"orders","ru","success.shippingDesc","[RU] Shipping Desc","[RU]"
"orders","ru","success.title","[RU] Title","[RU]"
"orders","ru","success.whatNext","[RU] What Next","[RU]"
"orders","ru","trackingNumber","[RU] Tracking Number","[RU]"
"orders","sr","statistics.inProgress","[MISSING_SR] inProgress","[MISSING_SR]"
"orders","sr","statistics.allTime","[MISSING_SR] allTime","[MISSING_SR]"
"orders","sr","statistics.monthlyComparison","[MISSING_SR] monthlyComparison","[MISSING_SR]"
"orders","sr","statistics.orders","[MISSING_SR] orders","[MISSING_SR]"
"orders","sr","statistics.perOrder","[MISSING_SR] perOrder","[MISSING_SR]"
"orders","sr","statistics.spendingDecrease","[MISSING_SR] spendingDecrease {percent}","[MISSING_SR]"
"orders","sr","statistics.spendingIncrease","[MISSING_SR] spendingIncrease {percent}","[MISSING_SR]"
"orders","sr","statistics.spent","[MISSING_SR] spent","[MISSING_SR]"
"orders","sr","activeFilters","[MISSING_SR] activeFilters","[MISSING_SR]"
"orders","sr","advancedFilters","[MISSING_SR] advancedFilters","[MISSING_SR]"
"orders","sr","filter","[MISSING_SR] filter","[MISSING_SR]"
"orders","sr","search","[MISSING_SR] search","[MISSING_SR]"
"misc","ru","create_listing.ai.publish.ai_insights","[MISSING_RU] ai_insights","[MISSING_RU]"
"misc","ru","create_listing.ai.publish.sellers_used_ai","[MISSING_RU] sellers_used_ai","[MISSING_RU]"
"misc","ru","storefronts.products.selectDifferentCategory","[MISSING_RU] selectDifferentCategory","[MISSING_RU]"
"misc","ru","storefronts.products.stockSettings","[MISSING_RU] stockSettings","[MISSING_RU]"
"misc","ru","storefronts.products.defaultStockQuantity","[MISSING_RU] defaultStockQuantity","[MISSING_RU]"
"misc","ru","storefronts.products.useIndividualQuantities","[MISSING_RU] useIndividualQuantities","[MISSING_RU]"
"misc","ru","gis.district_filter.districts_in","[MISSING_RU] districts_in","[MISSING_RU]"
"misc","sr","storefronts.products.selectDifferentCategory","[MISSING_SR] selectDifferentCategory","[MISSING_SR]"
"misc","sr","storefronts.products.stockSettings","[MISSING_SR] stockSettings","[MISSING_SR]"
"misc","sr","storefronts.products.defaultStockQuantity","[MISSING_SR] defaultStockQuantity","[MISSING_SR]"
"misc","sr","storefronts.products.useIndividualQuantities","[MISSING_SR] useIndividualQuantities","[MISSING_SR]"
"misc","sr","gis.district_filter.districts_in","[MISSING_SR] districts_in","[MISSING_SR]"
"misc","sr","create_listing.ai.publish.ai_insights","[MISSING_SR] ai_insights","[MISSING_SR]"
"misc","sr","create_listing.ai.publish.sellers_used_ai","[MISSING_SR] sellers_used_ai","[MISSING_SR]"
"marketplace","ru","marketplace.filters.condition","[MISSING_RU] condition","[MISSING_RU]"
"common","en","navigation.marketplace","[MISSING_EN] marketplace","[MISSING_EN]"
"common","en","navigation.createListing","[MISSING_EN] createListing","[MISSING_EN]"
"common","en","navigation.myListings","[MISSING_EN] myListings","[MISSING_EN]"
"common","en","navigation.blog","[MISSING_EN] blog","[MISSING_EN]"
"common","en","navigation.news","[MISSING_EN] news","[MISSING_EN]"
"common","en","navigation.contacts","[MISSING_EN] contacts","[MISSING_EN]"
"common","en","navigation.userContacts","[MISSING_EN] userContacts","[MISSING_EN]"
"common","en","navigation.logout","[MISSING_EN] logout","[MISSING_EN]"
"common","en","navigation.adminPanel","[MISSING_EN] adminPanel","[MISSING_EN]"
"common","en","navigation.messages","[MISSING_EN] messages","[MISSING_EN]"
"common","en","navigation.notifications","[MISSING_EN] notifications","[MISSING_EN]"
"common","en","navigation.settings","[MISSING_EN] settings","[MISSING_EN]"
"common","en","navigation.help","[MISSING_EN] help","[MISSING_EN]"
"common","en","navigation.searchPlaceholder","[MISSING_EN] searchPlaceholder","[MISSING_EN]"
"common","en","navigation.viewAll","[MISSING_EN] viewAll","[MISSING_EN]"
"common","en","navigation.moreOptions","[MISSING_EN] moreOptions","[MISSING_EN]"
"common","en","navigation.backToTop","[MISSING_EN] backToTop","[MISSING_EN]"
"common","en","navigation.distance.fromYou","[MISSING_EN] fromYou","[MISSING_EN]"
"common","en","navigation.distance.meters","[MISSING_EN] meters {count}","[MISSING_EN]"
"common","en","navigation.distance.kilometers","[MISSING_EN] kilometers {count}","[MISSING_EN]"
"common","en","navigation.distance.walking","[MISSING_EN] walking {time}","[MISSING_EN]"
"common","en","navigation.distance.minutes","[MISSING_EN] minutes {count}","[MISSING_EN]"
"common","en","navigation.distance.hours","[MISSING_EN] hours {count}","[MISSING_EN]"
"common","en","navigation.distance.walkingDistance","[MISSING_EN] walkingDistance","[MISSING_EN]"
"common","en","navigation.location.latitude","[MISSING_EN] latitude","[MISSING_EN]"
"common","en","navigation.location.longitude","[MISSING_EN] longitude","[MISSING_EN]"
"common","en","navigation.location.specifyLocation","[MISSING_EN] specifyLocation","[MISSING_EN]"
"common","en","map.filters.quickOptions.parking","[MISSING_EN] parking","[MISSING_EN]"
"common","en","map.filters.quickOptions.balcony","[MISSING_EN] balcony","[MISSING_EN]"
"common","en","map.filters.quickOptions.elevator","[MISSING_EN] elevator","[MISSING_EN]"
"common","en","map.filters.quickOptions.garden","[MISSING_EN] garden","[MISSING_EN]"
"common","en","map.filters.quickOptions.swimmingPool","[MISSING_EN] swimmingPool","[MISSING_EN]"
"common","en","map.filters.quickOptions.garage","[MISSING_EN] garage","[MISSING_EN]"
"common","en","map.filters.quickOptions.basement","[MISSING_EN] basement","[MISSING_EN]"
"common","en","map.filters.quickOptions.terrace","[MISSING_EN] terrace","[MISSING_EN]"
"common","en","map.filters.quickOptions.airConditioning","[MISSING_EN] airConditioning","[MISSING_EN]"
"common","en","map.filters.quickOptions.centralHeating","[MISSING_EN] centralHeating","[MISSING_EN]"
"common","en","map.filters.quickOptions.partlyFurnished","[MISSING_EN] partlyFurnished","[MISSING_EN]"
"common","en","map.filters.quickOptions.unfurnished","[MISSING_EN] unfurnished","[MISSING_EN]"
"common","en","map.cluster.listings","[MISSING_EN] listings","[MISSING_EN]"
"common","en","map.cluster.storefronts","[MISSING_EN] storefronts","[MISSING_EN]"
"common","en","map.popup.viewDetails","[MISSING_EN] viewDetails","[MISSING_EN]"
"common","en","map.popup.contact","[MISSING_EN] contact","[MISSING_EN]"
"common","en","map.popup.phone","[MISSING_EN] phone","[MISSING_EN]"
"common","en","map.popup.address","[MISSING_EN] address","[MISSING_EN]"
"common","en","map.popup.price","[MISSING_EN] price","[MISSING_EN]"
"common","en","map.popup.area","[MISSING_EN] area","[MISSING_EN]"
"common","en","map.popup.rooms","[MISSING_EN] rooms","[MISSING_EN]"
"common","en","map.popup.year","[MISSING_EN] year","[MISSING_EN]"
"common","en","map.popup.mileage","[MISSING_EN] mileage","[MISSING_EN]"
"common","en","map.popup.condition","[MISSING_EN] condition","[MISSING_EN]"
"common","ru","navigation.marketplace","[MISSING_RU] marketplace","[MISSING_RU]"
"common","ru","navigation.createListing","[MISSING_RU] createListing","[MISSING_RU]"
"common","ru","navigation.myListings","[MISSING_RU] myListings","[MISSING_RU]"
"common","ru","navigation.blog","[MISSING_RU] blog","[MISSING_RU]"
"common","ru","navigation.news","[MISSING_RU] news","[MISSING_RU]"
"common","ru","navigation.contacts","[MISSING_RU] contacts","[MISSING_RU]"
"common","ru","navigation.userContacts","[MISSING_RU] userContacts","[MISSING_RU]"
"common","ru","navigation.logout","[MISSING_RU] logout","[MISSING_RU]"
"common","ru","navigation.adminPanel","[MISSING_RU] adminPanel","[MISSING_RU]"
"common","ru","navigation.messages","[MISSING_RU] messages","[MISSING_RU]"
"common","ru","navigation.notifications","[MISSING_RU] notifications","[MISSING_RU]"
"common","ru","navigation.settings","[MISSING_RU] settings","[MISSING_RU]"
"common","ru","navigation.help","[MISSING_RU] help","[MISSING_RU]"
"common","ru","navigation.searchPlaceholder","[MISSING_RU] searchPlaceholder","[MISSING_RU]"
"common","ru","navigation.viewAll","[MISSING_RU] viewAll","[MISSING_RU]"
"common","ru","navigation.moreOptions","[MISSING_RU] moreOptions","[MISSING_RU]"
"common","ru","navigation.backToTop","[MISSING_RU] backToTop","[MISSING_RU]"
"common","ru","navigation.distance.fromYou","[MISSING_RU] fromYou","[MISSING_RU]"
"common","ru","navigation.distance.meters","[MISSING_RU] meters {count}","[MISSING_RU]"
"common","ru","navigation.distance.kilometers","[MISSING_RU] kilometers {count}","[MISSING_RU]"
"common","ru","navigation.distance.walking","[MISSING_RU] walking {time}","[MISSING_RU]"
"common","ru","navigation.distance.minutes","[MISSING_RU] minutes {count}","[MISSING_RU]"
"common","ru","navigation.distance.hours","[MISSING_RU] hours {count}","[MISSING_RU]"
"common","ru","navigation.distance.walkingDistance","[MISSING_RU] walkingDistance","[MISSING_RU]"
"common","ru","navigation.location.latitude","[MISSING_RU] latitude","[MISSING_RU]"
"common","ru","navigation.location.longitude","[MISSING_RU] longitude","[MISSING_RU]"
"common","ru","navigation.location.specifyLocation","[MISSING_RU] specifyLocation","[MISSING_RU]"
"common","ru","search.notFound","[RU] Not Found","[RU]"
"common","ru","search.addressPlaceholder","[RU] Address Placeholder","[RU]"
"common","ru","search.address","[RU] Address","[RU]"
"common","ru","search.byAddress","[RU] By Address","[RU]"
"common","ru","search.byDistrict","[RU] By District","[RU]"
"common","ru","map.filters.quickOptions.parking","[MISSING_RU] parking","[MISSING_RU]"
"common","ru","map.filters.quickOptions.balcony","[MISSING_RU] balcony","[MISSING_RU]"
"common","ru","map.filters.quickOptions.elevator","[MISSING_RU] elevator","[MISSING_RU]"
"common","ru","map.filters.quickOptions.garden","[MISSING_RU] garden","[MISSING_RU]"
"common","ru","map.filters.quickOptions.swimmingPool","[MISSING_RU] swimmingPool","[MISSING_RU]"
"common","ru","map.filters.quickOptions.garage","[MISSING_RU] garage","[MISSING_RU]"
"common","ru","map.filters.quickOptions.basement","[MISSING_RU] basement","[MISSING_RU]"
"common","ru","map.filters.quickOptions.terrace","[MISSING_RU] terrace","[MISSING_RU]"
"common","ru","map.filters.quickOptions.airConditioning","[MISSING_RU] airConditioning","[MISSING_RU]"
"common","ru","map.filters.quickOptions.centralHeating","[MISSING_RU] centralHeating","[MISSING_RU]"
"common","ru","map.filters.quickOptions.partlyFurnished","[MISSING_RU] partlyFurnished","[MISSING_RU]"
"common","ru","map.filters.quickOptions.unfurnished","[MISSING_RU] unfurnished","[MISSING_RU]"
"common","ru","map.cluster.listings","[MISSING_RU] listings","[MISSING_RU]"
"common","ru","map.cluster.storefronts","[MISSING_RU] storefronts","[MISSING_RU]"
"common","ru","map.popup.viewDetails","[MISSING_RU] viewDetails","[MISSING_RU]"
"common","ru","map.popup.contact","[MISSING_RU] contact","[MISSING_RU]"
"common","ru","map.popup.phone","[MISSING_RU] phone","[MISSING_RU]"
"common","ru","map.popup.address","[MISSING_RU] address","[MISSING_RU]"
"common","ru","map.popup.price","[MISSING_RU] price","[MISSING_RU]"
"common","ru","map.popup.area","[MISSING_RU] area","[MISSING_RU]"
"common","ru","map.popup.rooms","[MISSING_RU] rooms","[MISSING_RU]"
"common","ru","map.popup.year","[MISSING_RU] year","[MISSING_RU]"
"common","ru","map.popup.mileage","[MISSING_RU] mileage","[MISSING_RU]"
"common","ru","map.popup.condition","[MISSING_RU] condition","[MISSING_RU]"
"common","ru","filters.title","[RU] Title","[RU]"
"common","ru","filters.category","[RU] Category","[RU]"
"common","ru","filters.allCategories","[RU] All Categories","[RU]"
"common","ru","filters.priceFrom","[RU] Price From","[RU]"
"common","ru","filters.priceTo","[RU] Price To","[RU]"
"common","ru","filters.resetFilters","[RU] Reset Filters","[RU]"
"common","ru","filters.radius","[RU] Radius","[RU]"
"common","ru","filters.period","[RU] Period","[RU]"
"common","ru","filters.periods.day","[RU] Day","[RU]"
"common","ru","filters.periods.week","[RU] Week","[RU]"
"common","ru","filters.periods.month","[RU] Month","[RU]"
"common","ru","filters.limit","[RU] Limit","[RU]"
"common","ru","actions.apply","[RU] Apply","[RU]"
"common","ru","common.minutes","[RU] Minutes","[RU]"
"common","ru","common.km","[RU] Km","[RU]"
"common","ru","common.m","[RU] M","[RU]"
"common","ru","common.resetFilters","[RU] Reset Filters","[RU]"
"common","ru","common.translate","[RU] Translate","[RU]"
"common","ru","common.systemName","[RU] System Name","[RU]"
"common","ru","common.sortOrder","[RU] Sort Order","[RU]"
"common","ru","common.isActive","[RU] Is Active","[RU]"
"common","ru","common.translating","[RU] Translating","[RU]"
"common","ru","common.saveSuccess","[RU] Save Success","[RU]"
"common","ru","common.confirmDelete","[RU] Confirm Delete","[RU]"
"common","ru","common.deleteSuccess","[RU] Delete Success","[RU]"
"common","sr","search.notFound","[SR] Not Found","[SR]"
"common","sr","search.addressPlaceholder","[SR] Address Placeholder","[SR]"
"common","sr","search.address","[SR] Address","[SR]"
"common","sr","search.byAddress","[SR] By Address","[SR]"
"common","sr","search.byDistrict","[SR] By District","[SR]"
"common","sr","countries.Сербия","[MISSING_SR] Сербия","[MISSING_SR]"
"common","sr","countries.Serbia","[MISSING_SR] Serbia","[MISSING_SR]"
"common","sr","countries.Srbija","[MISSING_SR] Srbija","[MISSING_SR]"
"common","sr","countries.Србија","[MISSING_SR] Србија","[MISSING_SR]"
"common","sr","map.filters.quickOptions.withBalcony","[MISSING_SR] withBalcony","[MISSING_SR]"
"common","sr","map.filters.quickOptions.withParking","[MISSING_SR] withParking","[MISSING_SR]"
"common","sr","map.filters.quickOptions.withGarden","[MISSING_SR] withGarden","[MISSING_SR]"
"common","sr","map.filters.quickOptions.withGarage","[MISSING_SR] withGarage","[MISSING_SR]"
"common","sr","map.filters.quickOptions.likeNew","[MISSING_SR] likeNew","[MISSING_SR]"
"common","sr","map.filters.quickOptions.inBox","[MISSING_SR] inBox","[MISSING_SR]"
"common","sr","map.filters.quickOptions.fullTime","[MISSING_SR] fullTime","[MISSING_SR]"
"common","sr","map.filters.quickOptions.remote","[MISSING_SR] remote","[MISSING_SR]"
"common","sr","map.filters.quickOptions.noExperience","[MISSING_SR] noExperience","[MISSING_SR]"
"common","sr","map.results.showing","[MISSING_SR] showing","[MISSING_SR]"
"common","sr","map.results.listings","[MISSING_SR] listings","[MISSING_SR]"
"common","sr","map.actions.apply","[MISSING_SR] apply","[MISSING_SR]"
"common","sr","map.actions.reset","[MISSING_SR] reset","[MISSING_SR]"
"common","sr","map.geolocation.findMe","[MISSING_SR] findMe","[MISSING_SR]"
"common","sr","map.geolocation.error","[MISSING_SR] error","[MISSING_SR]"
"common","sr","map.gis.accessibilitySettings","[MISSING_SR] accessibilitySettings","[MISSING_SR]"
"common","sr","map.gis.kilometers","[MISSING_SR] kilometers","[MISSING_SR]"
"common","sr","map.gis.meters","[MISSING_SR] meters","[MISSING_SR]"
"common","sr","map.gis.minutes","[MISSING_SR] minutes","[MISSING_SR]"
"common","sr","map.gis.min","[MISSING_SR] min","[MISSING_SR]"
"common","sr","map.gis.byRadius","[MISSING_SR] byRadius","[MISSING_SR]"
"common","sr","map.gis.byWalkingTime","[MISSING_SR] byWalkingTime","[MISSING_SR]"
"common","sr","map.gis.searchRadius","[MISSING_SR] searchRadius","[MISSING_SR]"
"common","sr","map.gis.walkingTime","[MISSING_SR] walkingTime","[MISSING_SR]"
"common","sr","map.gis.walkingSpeedNote","[MISSING_SR] walkingSpeedNote","[MISSING_SR]"
"common","sr","map.gis.atAverageSpeed","[MISSING_SR] atAverageSpeed","[MISSING_SR]"
"common","sr","map.gis.searchAreaSettings","[MISSING_SR] searchAreaSettings","[MISSING_SR]"
"common","sr","map.showAll","[MISSING_SR] showAll","[MISSING_SR]"
"common","sr","map.popularDistricts","[MISSING_SR] popularDistricts","[MISSING_SR]"
"common","sr","map.controls.walkingAccessibility","[MISSING_SR] walkingAccessibility","[MISSING_SR]"
"common","sr","map.controls.searchRadius","[MISSING_SR] searchRadius","[MISSING_SR]"
"common","sr","map.controls.minutes","[MISSING_SR] minutes","[MISSING_SR]"
"common","sr","map.controls.km","[MISSING_SR] km","[MISSING_SR]"
"common","sr","map.controls.m","[MISSING_SR] m","[MISSING_SR]"
"common","sr","map.controls.changeModeHint","[MISSING_SR] changeModeHint","[MISSING_SR]"
"common","sr","map.controls.holdForSettings","[MISSING_SR] holdForSettings","[MISSING_SR]"
"common","sr","map.controls.singleClickHint","[MISSING_SR] singleClickHint","[MISSING_SR]"
"common","sr","map.controls.mobileHint","[MISSING_SR] mobileHint","[MISSING_SR]"
"common","sr","map.controls.desktopHint","[MISSING_SR] desktopHint","[MISSING_SR]"
"common","sr","map.controls.updatingIsochrone","[MISSING_SR] updatingIsochrone","[MISSING_SR]"
"common","sr","map.controls.radiusControl","[MISSING_SR] radiusControl","[MISSING_SR]"
"common","sr","map.controls.walkingMode","[MISSING_SR] walkingMode","[MISSING_SR]"
"common","sr","map.controls.distanceMode","[MISSING_SR] distanceMode","[MISSING_SR]"
"common","sr","map.controls.minUnit","[MISSING_SR] minUnit","[MISSING_SR]"
"common","sr","map.controls.kmUnit","[MISSING_SR] kmUnit","[MISSING_SR]"
"common","sr","distance.meters","[MISSING_SR] meters {count}","[MISSING_SR]"
"common","sr","distance.kilometers","[MISSING_SR] kilometers {count}","[MISSING_SR]"
"common","sr","distance.walking","[MISSING_SR] walking {time}","[MISSING_SR]"
"common","sr","distance.minutes","[MISSING_SR] minutes {count}","[MISSING_SR]"
"common","sr","distance.hours","[MISSING_SR] hours {count}","[MISSING_SR]"
"common","sr","stockStatus.in_stock","[MISSING_SR] in_stock","[MISSING_SR]"
"common","sr","stockStatus.low_stock","[MISSING_SR] low_stock","[MISSING_SR]"
"common","sr","actions.apply","[SR] Apply","[SR]"
"common","sr","actions.reset","[SR] Reset","[SR]"
"common","sr","common.minutes","[SR] Minutes","[SR]"
"common","sr","common.km","[SR] Km","[SR]"
"common","sr","common.m","[SR] M","[SR]"
"common","sr","common.resetFilters","[SR] Reset Filters","[SR]"
"common","sr","common.translate","[SR] Translate","[SR]"
"common","sr","common.systemName","[SR] System Name","[SR]"
"common","sr","common.sortOrder","[SR] Sort Order","[SR]"
"common","sr","common.isActive","[SR] Is Active","[SR]"
"common","sr","common.translating","[SR] Translating","[SR]"
"common","sr","common.saveSuccess","[SR] Save Success","[SR]"
"common","sr","common.confirmDelete","[SR] Confirm Delete","[SR]"
"common","sr","common.deleteSuccess","[SR] Delete Success","[SR]"
"common","sr","location.latitude","[MISSING_SR] latitude","[MISSING_SR]"
"common","sr","location.longitude","[MISSING_SR] longitude","[MISSING_SR]"
"common","sr","location.specifyLocation","[MISSING_SR] specifyLocation","[MISSING_SR]"
"checkout","ru"," ","[RU] ","[RU]"
"checkout","sr"," ","[SR] ","[SR]"
"cart","ru","remove","[RU] Remove","[RU]"
"cart","ru","empty","[RU] Empty","[RU]"
"cart","ru","miniCart.title","[RU] Title","[RU]"
"cart","ru","miniCart.empty","[RU] Empty","[RU]"
"cart","ru","miniCart.total","[RU] Total","[RU]"
"cart","ru","miniCart.viewCart","[RU] View Cart","[RU]"
"cart","sr","remove","[SR] Remove","[SR]"
"cart","sr","empty","[SR] Empty","[SR]"
"cart","sr","clear","[SR] Clear","[SR]"
"cart","sr","miniCart.title","[SR] Title","[SR]"
"cart","sr","miniCart.empty","[SR] Empty","[SR]"
"cart","sr","miniCart.total","[SR] Total","[SR]"
"cart","sr","miniCart.viewCart","[SR] View Cart","[SR]"
"cart","sr","miniCart.checkout","[SR] Checkout","[SR]"
"admin","ru","translations.bulkTranslation","[MISSING_RU] bulkTranslation","[MISSING_RU]"
"admin","ru","translations.bulkTranslationDescription","[MISSING_RU] bulkTranslationDescription","[MISSING_RU]"
"admin","ru","translations.versionHistory","[MISSING_RU] versionHistory","[MISSING_RU]"
"admin","ru","translations.versionHistoryDescription","[MISSING_RU] versionHistoryDescription","[MISSING_RU]"
"admin","ru","translations.auditLog","[MISSING_RU] auditLog","[MISSING_RU]"
"admin","ru","translations.auditLogDescription","[MISSING_RU] auditLogDescription","[MISSING_RU]"
"admin","ru","translations.exportImport","[MISSING_RU] exportImport","[MISSING_RU]"
"admin","ru","translations.exportImportDescription","[MISSING_RU] exportImportDescription","[MISSING_RU]"
"admin","ru","translations.massTranslation","[MISSING_RU] massTranslation","[MISSING_RU]"
"admin","ru","translations.entityType","[MISSING_RU] entityType","[MISSING_RU]"
"admin","ru","translations.autoApprove","[MISSING_RU] autoApprove","[MISSING_RU]"
"admin","ru","translations.overwriteExisting","[MISSING_RU] overwriteExisting","[MISSING_RU]"
"admin","ru","translations.translationProvider","[MISSING_RU] translationProvider","[MISSING_RU]"
"admin","ru","translations.automaticSelection","[MISSING_RU] automaticSelection","[MISSING_RU]"
"admin","ru","translations.startBulkTranslation","[MISSING_RU] startBulkTranslation","[MISSING_RU]"
"admin","ru","translations.selectEntitiesAndLanguages","[MISSING_RU] selectEntitiesAndLanguages","[MISSING_RU]"
"admin","ru","translations.bulkTranslationProgress","[MISSING_RU] bulkTranslationProgress","[MISSING_RU]"
"admin","ru","translations.processed","[MISSING_RU] processed","[MISSING_RU]"
"admin","ru","translations.errors","[MISSING_RU] errors","[MISSING_RU]"
"admin","ru","translations.skipped","[MISSING_RU] skipped","[MISSING_RU]"
"admin","ru","translations.results","[MISSING_RU] results","[MISSING_RU]"
"admin","ru","translations.rollbackToVersion","[MISSING_RU] rollbackToVersion","[MISSING_RU]"
"admin","ru","translations.compareVersions","[MISSING_RU] compareVersions","[MISSING_RU]"
"admin","ru","translations.versionComparison","[MISSING_RU] versionComparison","[MISSING_RU]"
"admin","ru","translations.textChanges","[MISSING_RU] textChanges","[MISSING_RU]"
"admin","ru","translations.metadataChanges","[MISSING_RU] metadataChanges","[MISSING_RU]"
"admin","ru","translations.noTextChanges","[MISSING_RU] noTextChanges","[MISSING_RU]"
"admin","ru","translations.was","[MISSING_RU] was","[MISSING_RU]"
"admin","ru","translations.became","[MISSING_RU] became","[MISSING_RU]"
"admin","ru","translations.modification","[MISSING_RU] modification","[MISSING_RU]"
"admin","ru","translations.addition","[MISSING_RU] addition","[MISSING_RU]"
"admin","ru","translations.deletion","[MISSING_RU] deletion","[MISSING_RU]"
"admin","ru","translations.auditFilters","[MISSING_RU] auditFilters","[MISSING_RU]"
"admin","ru","translations.userId","[MISSING_RU] userId","[MISSING_RU]"
"admin","ru","translations.action","[MISSING_RU] action","[MISSING_RU]"
"admin","ru","translations.allActions","[MISSING_RU] allActions","[MISSING_RU]"
"admin","ru","translations.allEntityTypes","[MISSING_RU] allEntityTypes","[MISSING_RU]"
"admin","ru","translations.dateFrom","[MISSING_RU] dateFrom","[MISSING_RU]"
"admin","ru","translations.dateTo","[MISSING_RU] dateTo","[MISSING_RU]"
"admin","ru","translations.clearFilters","[MISSING_RU] clearFilters","[MISSING_RU]"
"admin","ru","translations.operationsLog","[MISSING_RU] operationsLog","[MISSING_RU]"
"admin","ru","translations.totalOperations","[MISSING_RU] totalOperations","[MISSING_RU]"
"admin","ru","translations.operationsByType","[MISSING_RU] operationsByType","[MISSING_RU]"
"admin","ru","translations.userActivity","[MISSING_RU] userActivity","[MISSING_RU]"
"admin","ru","translations.recentOperations","[MISSING_RU] recentOperations","[MISSING_RU]"
"admin","ru","translations.operationsCount","[MISSING_RU] operationsCount","[MISSING_RU]"
"admin","ru","translations.exportFormat","[MISSING_RU] exportFormat","[MISSING_RU]"
"admin","ru","translations.structuredData","[MISSING_RU] structuredData","[MISSING_RU]"
"admin","ru","translations.tabularFormat","[MISSING_RU] tabularFormat","[MISSING_RU]"
"admin","ru","translations.industryStandard","[MISSING_RU] industryStandard","[MISSING_RU]"
"admin","ru","translations.exportFilters","[MISSING_RU] exportFilters","[MISSING_RU]"
"admin","ru","translations.onlyVerifiedTranslations","[MISSING_RU] onlyVerifiedTranslations","[MISSING_RU]"
"admin","ru","translations.includeMetadata","[MISSING_RU] includeMetadata","[MISSING_RU]"
"admin","ru","translations.importOptions","[MISSING_RU] importOptions","[MISSING_RU]"
"admin","ru","translations.validateOnly","[MISSING_RU] validateOnly","[MISSING_RU]"
"admin","ru","translations.selectFileOrData","[MISSING_RU] selectFileOrData","[MISSING_RU]"
"admin","ru","translations.importResults","[MISSING_RU] importResults","[MISSING_RU]"
"admin","ru","translations.noRecordsFound","[MISSING_RU] noRecordsFound","[MISSING_RU]"
"admin","ru","checkError","[MISSING_RU] checkError","[MISSING_RU]"
"admin","ru","required","[MISSING_RU] required","[MISSING_RU]"
"admin","sr","translations.bulkTranslation","[MISSING_SR] bulkTranslation","[MISSING_SR]"
"admin","sr","translations.bulkTranslationDescription","[MISSING_SR] bulkTranslationDescription","[MISSING_SR]"
"admin","sr","translations.versionHistory","[MISSING_SR] versionHistory","[MISSING_SR]"
"admin","sr","translations.versionHistoryDescription","[MISSING_SR] versionHistoryDescription","[MISSING_SR]"
"admin","sr","translations.auditLog","[MISSING_SR] auditLog","[MISSING_SR]"
"admin","sr","translations.auditLogDescription","[MISSING_SR] auditLogDescription","[MISSING_SR]"
"admin","sr","translations.exportImport","[MISSING_SR] exportImport","[MISSING_SR]"
"admin","sr","translations.exportImportDescription","[MISSING_SR] exportImportDescription","[MISSING_SR]"
"admin","sr","translations.massTranslation","[MISSING_SR] massTranslation","[MISSING_SR]"
"admin","sr","translations.entityType","[MISSING_SR] entityType","[MISSING_SR]"
"admin","sr","translations.autoApprove","[MISSING_SR] autoApprove","[MISSING_SR]"
"admin","sr","translations.overwriteExisting","[MISSING_SR] overwriteExisting","[MISSING_SR]"
"admin","sr","translations.translationProvider","[MISSING_SR] translationProvider","[MISSING_SR]"
"admin","sr","translations.automaticSelection","[MISSING_SR] automaticSelection","[MISSING_SR]"
"admin","sr","translations.startBulkTranslation","[MISSING_SR] startBulkTranslation","[MISSING_SR]"
"admin","sr","translations.selectEntitiesAndLanguages","[MISSING_SR] selectEntitiesAndLanguages","[MISSING_SR]"
"admin","sr","translations.bulkTranslationProgress","[MISSING_SR] bulkTranslationProgress","[MISSING_SR]"
"admin","sr","translations.processed","[MISSING_SR] processed","[MISSING_SR]"
"admin","sr","translations.errors","[MISSING_SR] errors","[MISSING_SR]"
"admin","sr","translations.skipped","[MISSING_SR] skipped","[MISSING_SR]"
"admin","sr","translations.results","[MISSING_SR] results","[MISSING_SR]"
"admin","sr","translations.rollbackToVersion","[MISSING_SR] rollbackToVersion","[MISSING_SR]"
"admin","sr","translations.compareVersions","[MISSING_SR] compareVersions","[MISSING_SR]"
"admin","sr","translations.versionComparison","[MISSING_SR] versionComparison","[MISSING_SR]"
"admin","sr","translations.textChanges","[MISSING_SR] textChanges","[MISSING_SR]"
"admin","sr","translations.metadataChanges","[MISSING_SR] metadataChanges","[MISSING_SR]"
"admin","sr","translations.noTextChanges","[MISSING_SR] noTextChanges","[MISSING_SR]"
"admin","sr","translations.was","[MISSING_SR] was","[MISSING_SR]"
"admin","sr","translations.became","[MISSING_SR] became","[MISSING_SR]"
"admin","sr","translations.modification","[MISSING_SR] modification","[MISSING_SR]"
"admin","sr","translations.addition","[MISSING_SR] addition","[MISSING_SR]"
"admin","sr","translations.deletion","[MISSING_SR] deletion","[MISSING_SR]"
"admin","sr","translations.auditFilters","[MISSING_SR] auditFilters","[MISSING_SR]"
"admin","sr","translations.userId","[MISSING_SR] userId","[MISSING_SR]"
"admin","sr","translations.action","[MISSING_SR] action","[MISSING_SR]"
"admin","sr","translations.allActions","[MISSING_SR] allActions","[MISSING_SR]"
"admin","sr","translations.allEntityTypes","[MISSING_SR] allEntityTypes","[MISSING_SR]"
"admin","sr","translations.dateFrom","[MISSING_SR] dateFrom","[MISSING_SR]"
"admin","sr","translations.dateTo","[MISSING_SR] dateTo","[MISSING_SR]"
"admin","sr","translations.clearFilters","[MISSING_SR] clearFilters","[MISSING_SR]"
"admin","sr","translations.operationsLog","[MISSING_SR] operationsLog","[MISSING_SR]"
"admin","sr","translations.totalOperations","[MISSING_SR] totalOperations","[MISSING_SR]"
"admin","sr","translations.operationsByType","[MISSING_SR] operationsByType","[MISSING_SR]"
"admin","sr","translations.userActivity","[MISSING_SR] userActivity","[MISSING_SR]"
"admin","sr","translations.recentOperations","[MISSING_SR] recentOperations","[MISSING_SR]"
"admin","sr","translations.operationsCount","[MISSING_SR] operationsCount","[MISSING_SR]"
"admin","sr","translations.exportFormat","[MISSING_SR] exportFormat","[MISSING_SR]"
"admin","sr","translations.structuredData","[MISSING_SR] structuredData","[MISSING_SR]"
"admin","sr","translations.tabularFormat","[MISSING_SR] tabularFormat","[MISSING_SR]"
"admin","sr","translations.industryStandard","[MISSING_SR] industryStandard","[MISSING_SR]"
"admin","sr","translations.exportFilters","[MISSING_SR] exportFilters","[MISSING_SR]"
"admin","sr","translations.onlyVerifiedTranslations","[MISSING_SR] onlyVerifiedTranslations","[MISSING_SR]"
"admin","sr","translations.includeMetadata","[MISSING_SR] includeMetadata","[MISSING_SR]"
"admin","sr","translations.importOptions","[MISSING_SR] importOptions","[MISSING_SR]"
"admin","sr","translations.validateOnly","[MISSING_SR] validateOnly","[MISSING_SR]"
"admin","sr","translations.selectFileOrData","[MISSING_SR] selectFileOrData","[MISSING_SR]"
"admin","sr","translations.importResults","[MISSING_SR] importResults","[MISSING_SR]"
"admin","sr","translations.noRecordsFound","[MISSING_SR] noRecordsFound","[MISSING_SR]"